match_id,home_team_name,away_team_name,home_tournament_id,home_team_id,home_team_code,home_distance_from_host_km,home_ELO,home_coach_name_nft,home_coach_full_name,home_pre_wc_team_matches_coached,home_prior_world_cups_coached,home_squad_players,home_avg_age,home_missing_player_birth_dates,home_players_with_prior_wc,home_players_with_multiple_prior_wcs,away_tournament_id,away_team_id,away_team_code,away_distance_from_host_km,away_ELO,away_coach_name_nft,away_coach_full_name,away_pre_wc_team_matches_coached,away_prior_world_cups_coached,away_squad_players,away_avg_age,away_missing_player_birth_dates,away_players_with_prior_wc,away_players_with_multiple_prior_wcs
WC2026_0001,Algeria,Argentina,WC-2026,T-01,DZA,8467.886494926224,1757,"Petković, Vladimir",Vladimir Petković,27,1,26,26.854104143631865,0,3,0,WC-2026,T-03,ARG,9076.35076928077,2113,"Scaloni, Lionel",Lionel Scaloni,94,1,26,29.05228241983889,0,16,3
WC2026_0002,Algeria,Australia,WC-2026,T-01,DZA,8467.886494926224,1757,"Petković, Vladimir",Vladimir Petković,27,1,26,26.854104143631865,0,3,0,WC-2026,T-04,AUS,14653.988734294251,1774,"Popović, Tony",Tony Popović,16,0,26,27.35944821776444,0,8,4
WC2026_0003,Algeria,Austria,WC-2026,T-01,DZA,8467.886494926224,1757,"Petković, Vladimir",Vladimir Petković,27,1,26,26.854104143631865,0,3,0,WC-2026,T-05,AUT,8351.636752501134,1818,"Rangnick, Ralf",Ralf Rangnick,44,0,25,28.609007529089663,0,0,0
WC2026_0004,Algeria,Belgium,WC-2026,T-01,DZA,8467.886494926224,1757,"Petković, Vladimir",Vladimir Petković,27,1,26,26.854104143631865,0,3,0,WC-2026,T-06,BEL,7608.706456152969,1850,"Garcia, Rudi",Rudi Garcia,12,0,26,27.61448954878113,0,11,6
WC2026_0005,Algeria,Bosnia and Herzegovina,WC-2026,T-01,DZA,8467.886494926224,1757,"Petković, Vladimir",Vladimir Petković,27,1,26,26.854104143631865,0,3,0,WC-2026,T-08,BIH,8799.914694671237,1572,"Barbarez, Sergej",Sergej Barbarez,20,0,26,26.422471436845154,0,2,0
WC2026_0006,Algeria,Brazil,WC-2026,T-01,DZA,8467.886494926224,1757,"Petković, Vladimir",Vladimir Petković,27,1,26,26.854104143631865,0,3,0,WC-2026,T-09,BRA,7396.651725397587,1978,"Ancelotti, Carlo",Carlo Ancelotti,10,0,26,29.202758911177803,0,5,0
WC2026_0007,Algeria,Cabo Verde,WC-2026,T-01,DZA,8467.886494926224,1757,"Petković, Vladimir",Vladimir Petković,27,1,26,26.854104143631865,0,3,0,WC-2026,CPV,CPV,7732.128228517904,1561,"Bubista,",Bubista,59,0,26,29.676407097351657,0,0,0
WC2026_0008,Algeria,Canada,WC-2026,T-01,DZA,8467.886494926224,1757,"Petković, Vladimir",Vladimir Petković,27,1,26,26.854104143631865,0,3,0,WC-2026,T-12,CAN,0,1802,"Marsch, Jesse",Jesse Marsch,30,0,25,27.103299110198495,0,10,0
WC2026_0009,Algeria,Colombia,WC-2026,T-01,DZA,8467.886494926224,1757,"Petković, Vladimir",Vladimir Petković,27,1,26,26.854104143631865,0,3,0,WC-2026,T-16,COL,4836.620104090255,1998,"Lorenzo, Néstor",Néstor Lorenzo,44,0,26,30.08929605644185,0,9,5
WC2026_0010,Algeria,Congo DR,WC-2026,T-01,DZA,8467.886494926224,1757,"Petković, Vladimir",Vladimir Petković,27,1,26,26.854104143631865,0,3,0,WC-2026,COD,COD,13091.613558524405,1657,"Desabre, Sébastien",Sébastien Desabre,46,0,26,29.06870952456168,0,0,0
WC2026_0011,Algeria,Croatia,WC-2026,T-01,DZA,8467.886494926224,1757,"Petković, Vladimir",Vladimir Petković,27,1,26,26.854104143631865,0,3,0,WC-2026,T-18,HRV,8608.749072206005,1932,"Dalić, Zlatko",Zlatko Dalić,105,2,26,28.328752698362553,0,13,4
WC2026_0012,Algeria,Curacao,WC-2026,T-01,DZA,8467.886494926224,1757,"Petković, Vladimir",Vladimir Petković,27,1,26,26.854104143631865,0,3,0,WC-2026,CUW,CUW,4359.8095622244355,1466,"Rutten, Fred",Fred Rutten,2,0,26,28.020955088716896,0,0,0
WC2026_0013,Algeria,Czechia,WC-2026,T-01,DZA,8467.886494926224,1757,"Petković, Vladimir",Vladimir Petković,27,1,26,26.854104143631865,0,3,0,WC-2026,T-20,CZE,8250.286611837133,1731,"Koubek, Miroslav",Miroslav Koubek,2,0,26,27.620807665982205,0,0,0
WC2026_0014,Algeria,Ecuador,WC-2026,T-01,DZA,8467.886494926224,1757,"Petković, Vladimir",Vladimir Petković,27,1,26,26.854104143631865,0,3,0,WC-2026,T-25,ECU,5050.644388665269,1933,"Beccacece, Sebastián",Sebastián Beccacece,18,0,26,26.07760753961986,0,11,1
WC2026_0015,Algeria,Egypt,WC-2026,T-01,DZA,8467.886494926224,1757,"Petković, Vladimir",Vladimir Petković,27,1,26,26.854104143631865,0,3,0,WC-2026,T-26,EGY,11013.883086682994,1622,"Hassan, Hossam",Hossam Hassan,28,0,26,29.058916442900017,0,2,0
WC2026_0016,Algeria,England,WC-2026,T-01,DZA,8467.886494926224,1757,"Petković, Vladimir",Vladimir Petković,27,1,26,26.854104143631865,0,3,0,WC-2026,T-28,ENG,7152.495586801294,2042,"Tuchel, Thomas",Thomas Tuchel,12,0,26,27.144105723161164,0,8,5
WC2026_0017,Algeria,France,WC-2026,T-01,DZA,8467.886494926224,1757,"Petković, Vladimir",Vladimir Petković,27,1,26,26.854104143631865,0,3,0,WC-2026,T-30,FRA,7714.672685425144,2062,"Deschamps, Didier",Didier Deschamps,174,3,26,27.00100036855684,0,13,3
WC2026_0018,Algeria,Germany,WC-2026,T-01,DZA,8467.886494926224,1757,"Petković, Vladimir",Vladimir Petković,27,1,26,26.854104143631865,0,3,0,WC-2026,T-31,DEU,7888.05221489964,1910,"Nagelsmann, Julian",Julian Nagelsmann,31,0,26,27.97788658979624,0,9,4
WC2026_0019,Algeria,Ghana,WC-2026,T-01,DZA,8467.886494926224,1757,"Petković, Vladimir",Vladimir Petković,27,1,26,26.854104143631865,0,3,0,WC-2026,T-32,GHA,10227.032844066958,1509,"Addo, Otto",Otto Addo,34,1,26,26.975201389985784,0,8,1
WC2026_0020,Algeria,Haiti,WC-2026,T-01,DZA,8467.886494926224,1757,"Petković, Vladimir",Vladimir Petković,27,1,26,26.854104143631865,0,3,0,WC-2026,T-34,HTI,3531.27062289123,1542,"Migné, Sébastien",Sébastien Migné,22,0,26,27.5778444690149,0,0,0
WC2026_0021,Algeria,Iran,WC-2026,T-01,DZA,8467.886494926224,1757,"Petković, Vladimir",Vladimir Petković,27,1,26,26.854104143631865,0,3,0,WC-2026,T-38,IRN,11560.0244652263,1755,"Ghalenoei, Amir",Amir Ghalenoei,43,0,26,30.3325435686832,0,12,9
WC2026_0022,Algeria,Iraq,WC-2026,T-01,DZA,8467.886494926224,1757,"Petković, Vladimir",Vladimir Petković,27,1,26,26.854104143631865,0,3,0,WC-2026,T-39,IRQ,11131.48949779042,1582,"Arnold, Graham",Graham Arnold,12,1,26,27.154530616542935,0,0,0
WC2026_0023,Algeria,Ivory Coast,WC-2026,T-01,DZA,8467.886494926224,1757,"Petković, Vladimir",Vladimir Petković,27,1,26,26.854104143631865,0,3,0,WC-2026,T-42,CIV,9853.150045632055,1627,"Faé, Emerse",Emerse Faé,31,0,26,25.84899699889433,0,0,0
WC2026_0024,Algeria,Japan,WC-2026,T-01,DZA,8467.886494926224,1757,"Petković, Vladimir",Vladimir Petković,27,1,26,26.854104143631865,0,3,0,WC-2026,T-44,JPN,9562.526814875126,1878,"Moriyasu, Hajime",Hajime Moriyasu,103,1,26,27.750434370557574,0,13,1
WC2026_0025,Algeria,Jordan,WC-2026,T-01,DZA,8467.886494926224,1757,"Petković, Vladimir",Vladimir Petković,27,1,26,26.854104143631865,0,3,0,WC-2026,JOR,JOR,10984.601901755945,1689,"Sellami, Jamel",Jamel Sellami,29,0,26,28.44416363923551,0,0,0
WC2026_0026,Algeria,Mexico,WC-2026,T-01,DZA,8467.886494926224,1757,"Petković, Vladimir",Vladimir Petković,27,1,26,26.854104143631865,0,3,0,WC-2026,T-46,MEX,0,1835,"Aguirre, Javier",Javier Aguirre,26,2,26,27.900700257989783,0,10,4
WC2026_0027,Algeria,Morocco,WC-2026,T-01,DZA,8467.886494926224,1757,"Petković, Vladimir",Vladimir Petković,27,1,26,26.854104143631865,0,3,0,WC-2026,T-47,MAR,8047.458024689145,1840,"Regragui, Walid",Walid Regragui,49,1,26,26.394566419207077,0,9,3
WC2026_0028,Algeria,Netherlands,WC-2026,T-01,DZA,8467.886494926224,1757,"Petković, Vladimir",Vladimir Petković,27,1,26,26.854104143631865,0,3,0,WC-2026,T-48,NLD,7554.561023407048,1959,"Koeman, Ronald",Ronald Koeman,38,0,26,27.739272363502344,0,11,1
WC2026_0029,Algeria,New Zealand,WC-2026,T-01,DZA,8467.886494926224,1757,"Petković, Vladimir",Vladimir Petković,27,1,26,26.854104143631865,0,3,0,WC-2026,T-49,NZL,12567.39014190728,1585,"Bazeley, Darren",Darren Bazeley,32,0,26,28.11793818775338,0,2,0
WC2026_0030,Algeria,Norway,WC-2026,T-01,DZA,8467.886494926224,1757,"Petković, Vladimir",Vladimir Petković,27,1,26,26.854104143631865,0,3,0,WC-2026,T-53,NOR,7116.618664157501,1922,"Solbakken, Ståle",Ståle Solbakken,54,0,26,26.804191017743378,0,0,0
WC2026_0031,Algeria,Panama,WC-2026,T-01,DZA,8467.886494926224,1757,"Petković, Vladimir",Vladimir Petković,27,1,26,26.854104143631865,0,3,0,WC-2026,T-54,PAN,3966.489606135957,1742,"Christiansen, Thomas",Thomas Christiansen,89,0,26,30.426578213025852,0,5,0
WC2026_0032,Algeria,Paraguay,WC-2026,T-01,DZA,8467.886494926224,1757,"Petković, Vladimir",Vladimir Petković,27,1,26,26.854104143631865,0,3,0,WC-2026,T-55,PRY,8273.164637737715,1833,"Alfaro, Gustavo",Gustavo Alfaro,19,1,26,29.031011425261937,0,0,0
WC2026_0033,Algeria,Portugal,WC-2026,T-01,DZA,8467.886494926224,1757,"Petković, Vladimir",Vladimir Petković,27,1,26,26.854104143631865,0,3,0,WC-2026,T-58,PRT,7492.662634275795,1976,"Martínez, Roberto",Roberto Martínez,38,2,26,28.035276154372664,0,14,3
WC2026_0034,Algeria,Qatar,WC-2026,T-01,DZA,8467.886494926224,1757,"Petković, Vladimir",Vladimir Petković,27,1,26,26.854104143631865,0,3,0,WC-2026,T-59,QAT,12201.51654796983,1425,Unknown,Unknown,0,0,26,29.507713368082975,0,12,0
WC2026_0035,Algeria,Saudi Arabia,WC-2026,T-01,DZA,8467.886494926224,1757,"Petković, Vladimir",Vladimir Petković,27,1,26,26.854104143631865,0,3,0,WC-2026,T-63,SAU,11783.518070291611,1592,"Renard, Hervé",Hervé Renard,71,2,26,28.5160848733744,0,9,3
WC2026_0036,Algeria,Scotland,WC-2026,T-01,DZA,8467.886494926224,1757,"Petković, Vladimir",Vladimir Petković,27,1,26,26.854104143631865,0,3,0,WC-2026,T-64,SCO,6752.840415840782,1790,"Clarke, Stevie",Stevie Clarke,76,0,26,29.20244300531775,0,0,0
WC2026_0037,Algeria,Senegal,WC-2026,T-01,DZA,8467.886494926224,1757,"Petković, Vladimir",Vladimir Petković,27,1,26,26.854104143631865,0,3,0,WC-2026,T-65,SEN,8646.942720200805,1807,"Thiaw, Pape",Pape Thiaw,37,0,26,27.087242668351497,0,13,3
WC2026_0038,Algeria,South Africa,WC-2026,T-01,DZA,8467.886494926224,1757,"Petković, Vladimir",Vladimir Petković,27,1,26,26.854104143631865,0,3,0,WC-2026,T-70,ZAF,14937.12069749442,1550,"Broos, Hugo",Hugo Broos,55,0,26,26.808403095877427,0,0,0
WC2026_0039,Algeria,South Korea,WC-2026,T-01,DZA,8467.886494926224,1757,"Petković, Vladimir",Vladimir Petković,27,1,26,26.854104143631865,0,3,0,WC-2026,T-71,KOR,10196.189406281635,1784,"Hong, Myung-Bo",Myung-Bo Hong,21,1,26,28.06570841889117,0,6,0
WC2026_0040,Algeria,Spain,WC-2026,T-01,DZA,8467.886494926224,1757,"Petković, Vladimir",Vladimir Petković,27,1,26,26.854104143631865,0,3,0,WC-2026,T-73,ESP,7746.922852806779,2172,"de La Fuente, Luis",Luis de La Fuente,40,0,26,26.747433264887064,0,6,0
WC2026_0041,Algeria,Sweden,WC-2026,T-01,DZA,8467.886494926224,1757,"Petković, Vladimir",Vladimir Petković,27,1,26,26.854104143631865,0,3,0,WC-2026,T-74,SWE,7465.038363914989,1660,"Potter, Graham",Graham Potter,4,0,26,27.557099984204708,0,1,0
WC2026_0042,Algeria,Switzerland,WC-2026,T-01,DZA,8467.886494926224,1757,"Petković, Vladimir",Vladimir Petković,27,1,26,26.854104143631865,0,3,0,WC-2026,T-75,CHE,8079.837758395281,1897,"Yakın, Murat",Murat Yakın,57,1,26,28.3070604959722,0,15,4
WC2026_0043,Algeria,Tunisia,WC-2026,T-01,DZA,8467.886494926224,1757,"Petković, Vladimir",Vladimir Petković,27,1,26,26.854104143631865,0,3,0,WC-2026,T-79,TUN,9114.63766930202,1615,"Trabelsi, Sami",Sami Trabelsi,19,0,26,26.64465855841626,0,7,2
WC2026_0044,Algeria,Turkey,WC-2026,T-01,DZA,8467.886494926224,1757,"Petković, Vladimir",Vladimir Petković,27,1,26,26.854104143631865,0,3,0,WC-2026,T-80,TUR,10136.436627879562,1880,"Montella, Vincenzo",Vincenzo Montella,31,0,26,27.672195019217607,0,0,0
WC2026_0045,Algeria,United States,WC-2026,T-01,DZA,8467.886494926224,1757,"Petković, Vladimir",Vladimir Petković,27,1,26,26.854104143631865,0,3,0,WC-2026,T-83,USA,0,1747,"Pochettino, Mauricio",Mauricio Pochettino,24,0,26,26.90496498710051,0,11,0
WC2026_0046,Algeria,Uruguay,WC-2026,T-01,DZA,8467.886494926224,1757,"Petković, Vladimir",Vladimir Petković,27,1,26,26.854104143631865,0,3,0,WC-2026,T-84,URY,9282.411359256475,1890,"Bielsa, Marcelo",Marcelo Bielsa,34,2,26,28.742273469172854,0,13,4
WC2026_0047,Algeria,Uzbekistan,WC-2026,T-01,DZA,8467.886494926224,1757,"Petković, Vladimir",Vladimir Petković,27,1,26,26.854104143631865,0,3,0,WC-2026,UZB,UZB,10859.4548236802,1735,"Cannavaro, Fabio",Fabio Cannavaro,6,0,26,28.51166219133365,0,0,0
WC2026_0048,Argentina,Australia,WC-2026,T-03,ARG,9076.35076928077,2113,"Scaloni, Lionel",Lionel Scaloni,94,1,26,29.05228241983889,0,16,3,WC-2026,T-04,AUS,14653.988734294251,1774,"Popović, Tony",Tony Popović,16,0,26,27.35944821776444,0,8,4
WC2026_0049,Argentina,Austria,WC-2026,T-03,ARG,9076.35076928077,2113,"Scaloni, Lionel",Lionel Scaloni,94,1,26,29.05228241983889,0,16,3,WC-2026,T-05,AUT,8351.636752501134,1818,"Rangnick, Ralf",Ralf Rangnick,44,0,25,28.609007529089663,0,0,0
WC2026_0050,Argentina,Belgium,WC-2026,T-03,ARG,9076.35076928077,2113,"Scaloni, Lionel",Lionel Scaloni,94,1,26,29.05228241983889,0,16,3,WC-2026,T-06,BEL,7608.706456152969,1850,"Garcia, Rudi",Rudi Garcia,12,0,26,27.61448954878113,0,11,6
WC2026_0051,Argentina,Bosnia and Herzegovina,WC-2026,T-03,ARG,9076.35076928077,2113,"Scaloni, Lionel",Lionel Scaloni,94,1,26,29.05228241983889,0,16,3,WC-2026,T-08,BIH,8799.914694671237,1572,"Barbarez, Sergej",Sergej Barbarez,20,0,26,26.422471436845154,0,2,0
WC2026_0052,Argentina,Brazil,WC-2026,T-03,ARG,9076.35076928077,2113,"Scaloni, Lionel",Lionel Scaloni,94,1,26,29.05228241983889,0,16,3,WC-2026,T-09,BRA,7396.651725397587,1978,"Ancelotti, Carlo",Carlo Ancelotti,10,0,26,29.202758911177803,0,5,0
WC2026_0053,Argentina,Cabo Verde,WC-2026,T-03,ARG,9076.35076928077,2113,"Scaloni, Lionel",Lionel Scaloni,94,1,26,29.05228241983889,0,16,3,WC-2026,CPV,CPV,7732.128228517904,1561,"Bubista,",Bubista,59,0,26,29.676407097351657,0,0,0
WC2026_0054,Argentina,Canada,WC-2026,T-03,ARG,9076.35076928077,2113,"Scaloni, Lionel",Lionel Scaloni,94,1,26,29.05228241983889,0,16,3,WC-2026,T-12,CAN,0,1802,"Marsch, Jesse",Jesse Marsch,30,0,25,27.103299110198495,0,10,0
WC2026_0055,Argentina,Colombia,WC-2026,T-03,ARG,9076.35076928077,2113,"Scaloni, Lionel",Lionel Scaloni,94,1,26,29.05228241983889,0,16,3,WC-2026,T-16,COL,4836.620104090255,1998,"Lorenzo, Néstor",Néstor Lorenzo,44,0,26,30.08929605644185,0,9,5
WC2026_0056,Argentina,Congo DR,WC-2026,T-03,ARG,9076.35076928077,2113,"Scaloni, Lionel",Lionel Scaloni,94,1,26,29.05228241983889,0,16,3,WC-2026,COD,COD,13091.613558524405,1657,"Desabre, Sébastien",Sébastien Desabre,46,0,26,29.06870952456168,0,0,0
WC2026_0057,Argentina,Croatia,WC-2026,T-03,ARG,9076.35076928077,2113,"Scaloni, Lionel",Lionel Scaloni,94,1,26,29.05228241983889,0,16,3,WC-2026,T-18,HRV,8608.749072206005,1932,"Dalić, Zlatko",Zlatko Dalić,105,2,26,28.328752698362553,0,13,4
WC2026_0058,Argentina,Curacao,WC-2026,T-03,ARG,9076.35076928077,2113,"Scaloni, Lionel",Lionel Scaloni,94,1,26,29.05228241983889,0,16,3,WC-2026,CUW,CUW,4359.8095622244355,1466,"Rutten, Fred",Fred Rutten,2,0,26,28.020955088716896,0,0,0
WC2026_0059,Argentina,Czechia,WC-2026,T-03,ARG,9076.35076928077,2113,"Scaloni, Lionel",Lionel Scaloni,94,1,26,29.05228241983889,0,16,3,WC-2026,T-20,CZE,8250.286611837133,1731,"Koubek, Miroslav",Miroslav Koubek,2,0,26,27.620807665982205,0,0,0
WC2026_0060,Argentina,Ecuador,WC-2026,T-03,ARG,9076.35076928077,2113,"Scaloni, Lionel",Lionel Scaloni,94,1,26,29.05228241983889,0,16,3,WC-2026,T-25,ECU,5050.644388665269,1933,"Beccacece, Sebastián",Sebastián Beccacece,18,0,26,26.07760753961986,0,11,1
WC2026_0061,Argentina,Egypt,WC-2026,T-03,ARG,9076.35076928077,2113,"Scaloni, Lionel",Lionel Scaloni,94,1,26,29.05228241983889,0,16,3,WC-2026,T-26,EGY,11013.883086682994,1622,"Hassan, Hossam",Hossam Hassan,28,0,26,29.058916442900017,0,2,0
WC2026_0062,Argentina,England,WC-2026,T-03,ARG,9076.35076928077,2113,"Scaloni, Lionel",Lionel Scaloni,94,1,26,29.05228241983889,0,16,3,WC-2026,T-28,ENG,7152.495586801294,2042,"Tuchel, Thomas",Thomas Tuchel,12,0,26,27.144105723161164,0,8,5
WC2026_0063,Argentina,France,WC-2026,T-03,ARG,9076.35076928077,2113,"Scaloni, Lionel",Lionel Scaloni,94,1,26,29.05228241983889,0,16,3,WC-2026,T-30,FRA,7714.672685425144,2062,"Deschamps, Didier",Didier Deschamps,174,3,26,27.00100036855684,0,13,3
WC2026_0064,Argentina,Germany,WC-2026,T-03,ARG,9076.35076928077,2113,"Scaloni, Lionel",Lionel Scaloni,94,1,26,29.05228241983889,0,16,3,WC-2026,T-31,DEU,7888.05221489964,1910,"Nagelsmann, Julian",Julian Nagelsmann,31,0,26,27.97788658979624,0,9,4
WC2026_0065,Argentina,Ghana,WC-2026,T-03,ARG,9076.35076928077,2113,"Scaloni, Lionel",Lionel Scaloni,94,1,26,29.05228241983889,0,16,3,WC-2026,T-32,GHA,10227.032844066958,1509,"Addo, Otto",Otto Addo,34,1,26,26.975201389985784,0,8,1
WC2026_0066,Argentina,Haiti,WC-2026,T-03,ARG,9076.35076928077,2113,"Scaloni, Lionel",Lionel Scaloni,94,1,26,29.05228241983889,0,16,3,WC-2026,T-34,HTI,3531.27062289123,1542,"Migné, Sébastien",Sébastien Migné,22,0,26,27.5778444690149,0,0,0
WC2026_0067,Argentina,Iran,WC-2026,T-03,ARG,9076.35076928077,2113,"Scaloni, Lionel",Lionel Scaloni,94,1,26,29.05228241983889,0,16,3,WC-2026,T-38,IRN,11560.0244652263,1755,"Ghalenoei, Amir",Amir Ghalenoei,43,0,26,30.3325435686832,0,12,9
WC2026_0068,Argentina,Iraq,WC-2026,T-03,ARG,9076.35076928077,2113,"Scaloni, Lionel",Lionel Scaloni,94,1,26,29.05228241983889,0,16,3,WC-2026,T-39,IRQ,11131.48949779042,1582,"Arnold, Graham",Graham Arnold,12,1,26,27.154530616542935,0,0,0
WC2026_0069,Argentina,Ivory Coast,WC-2026,T-03,ARG,9076.35076928077,2113,"Scaloni, Lionel",Lionel Scaloni,94,1,26,29.05228241983889,0,16,3,WC-2026,T-42,CIV,9853.150045632055,1627,"Faé, Emerse",Emerse Faé,31,0,26,25.84899699889433,0,0,0
WC2026_0070,Argentina,Japan,WC-2026,T-03,ARG,9076.35076928077,2113,"Scaloni, Lionel",Lionel Scaloni,94,1,26,29.05228241983889,0,16,3,WC-2026,T-44,JPN,9562.526814875126,1878,"Moriyasu, Hajime",Hajime Moriyasu,103,1,26,27.750434370557574,0,13,1
WC2026_0071,Argentina,Jordan,WC-2026,T-03,ARG,9076.35076928077,2113,"Scaloni, Lionel",Lionel Scaloni,94,1,26,29.05228241983889,0,16,3,WC-2026,JOR,JOR,10984.601901755945,1689,"Sellami, Jamel",Jamel Sellami,29,0,26,28.44416363923551,0,0,0
WC2026_0072,Argentina,Mexico,WC-2026,T-03,ARG,9076.35076928077,2113,"Scaloni, Lionel",Lionel Scaloni,94,1,26,29.05228241983889,0,16,3,WC-2026,T-46,MEX,0,1835,"Aguirre, Javier",Javier Aguirre,26,2,26,27.900700257989783,0,10,4
WC2026_0073,Argentina,Morocco,WC-2026,T-03,ARG,9076.35076928077,2113,"Scaloni, Lionel",Lionel Scaloni,94,1,26,29.05228241983889,0,16,3,WC-2026,T-47,MAR,8047.458024689145,1840,"Regragui, Walid",Walid Regragui,49,1,26,26.394566419207077,0,9,3
WC2026_0074,Argentina,Netherlands,WC-2026,T-03,ARG,9076.35076928077,2113,"Scaloni, Lionel",Lionel Scaloni,94,1,26,29.05228241983889,0,16,3,WC-2026,T-48,NLD,7554.561023407048,1959,"Koeman, Ronald",Ronald Koeman,38,0,26,27.739272363502344,0,11,1
WC2026_0075,Argentina,New Zealand,WC-2026,T-03,ARG,9076.35076928077,2113,"Scaloni, Lionel",Lionel Scaloni,94,1,26,29.05228241983889,0,16,3,WC-2026,T-49,NZL,12567.39014190728,1585,"Bazeley, Darren",Darren Bazeley,32,0,26,28.11793818775338,0,2,0
WC2026_0076,Argentina,Norway,WC-2026,T-03,ARG,9076.35076928077,2113,"Scaloni, Lionel",Lionel Scaloni,94,1,26,29.05228241983889,0,16,3,WC-2026,T-53,NOR,7116.618664157501,1922,"Solbakken, Ståle",Ståle Solbakken,54,0,26,26.804191017743378,0,0,0
WC2026_0077,Argentina,Panama,WC-2026,T-03,ARG,9076.35076928077,2113,"Scaloni, Lionel",Lionel Scaloni,94,1,26,29.05228241983889,0,16,3,WC-2026,T-54,PAN,3966.489606135957,1742,"Christiansen, Thomas",Thomas Christiansen,89,0,26,30.426578213025852,0,5,0
WC2026_0078,Argentina,Paraguay,WC-2026,T-03,ARG,9076.35076928077,2113,"Scaloni, Lionel",Lionel Scaloni,94,1,26,29.05228241983889,0,16,3,WC-2026,T-55,PRY,8273.164637737715,1833,"Alfaro, Gustavo",Gustavo Alfaro,19,1,26,29.031011425261937,0,0,0
WC2026_0079,Argentina,Portugal,WC-2026,T-03,ARG,9076.35076928077,2113,"Scaloni, Lionel",Lionel Scaloni,94,1,26,29.05228241983889,0,16,3,WC-2026,T-58,PRT,7492.662634275795,1976,"Martínez, Roberto",Roberto Martínez,38,2,26,28.035276154372664,0,14,3
WC2026_0080,Argentina,Qatar,WC-2026,T-03,ARG,9076.35076928077,2113,"Scaloni, Lionel",Lionel Scaloni,94,1,26,29.05228241983889,0,16,3,WC-2026,T-59,QAT,12201.51654796983,1425,Unknown,Unknown,0,0,26,29.507713368082975,0,12,0
WC2026_0081,Argentina,Saudi Arabia,WC-2026,T-03,ARG,9076.35076928077,2113,"Scaloni, Lionel",Lionel Scaloni,94,1,26,29.05228241983889,0,16,3,WC-2026,T-63,SAU,11783.518070291611,1592,"Renard, Hervé",Hervé Renard,71,2,26,28.5160848733744,0,9,3
WC2026_0082,Argentina,Scotland,WC-2026,T-03,ARG,9076.35076928077,2113,"Scaloni, Lionel",Lionel Scaloni,94,1,26,29.05228241983889,0,16,3,WC-2026,T-64,SCO,6752.840415840782,1790,"Clarke, Stevie",Stevie Clarke,76,0,26,29.20244300531775,0,0,0
WC2026_0083,Argentina,Senegal,WC-2026,T-03,ARG,9076.35076928077,2113,"Scaloni, Lionel",Lionel Scaloni,94,1,26,29.05228241983889,0,16,3,WC-2026,T-65,SEN,8646.942720200805,1807,"Thiaw, Pape",Pape Thiaw,37,0,26,27.087242668351497,0,13,3
WC2026_0084,Argentina,South Africa,WC-2026,T-03,ARG,9076.35076928077,2113,"Scaloni, Lionel",Lionel Scaloni,94,1,26,29.05228241983889,0,16,3,WC-2026,T-70,ZAF,14937.12069749442,1550,"Broos, Hugo",Hugo Broos,55,0,26,26.808403095877427,0,0,0
WC2026_0085,Argentina,South Korea,WC-2026,T-03,ARG,9076.35076928077,2113,"Scaloni, Lionel",Lionel Scaloni,94,1,26,29.05228241983889,0,16,3,WC-2026,T-71,KOR,10196.189406281635,1784,"Hong, Myung-Bo",Myung-Bo Hong,21,1,26,28.06570841889117,0,6,0
WC2026_0086,Argentina,Spain,WC-2026,T-03,ARG,9076.35076928077,2113,"Scaloni, Lionel",Lionel Scaloni,94,1,26,29.05228241983889,0,16,3,WC-2026,T-73,ESP,7746.922852806779,2172,"de La Fuente, Luis",Luis de La Fuente,40,0,26,26.747433264887064,0,6,0
WC2026_0087,Argentina,Sweden,WC-2026,T-03,ARG,9076.35076928077,2113,"Scaloni, Lionel",Lionel Scaloni,94,1,26,29.05228241983889,0,16,3,WC-2026,T-74,SWE,7465.038363914989,1660,"Potter, Graham",Graham Potter,4,0,26,27.557099984204708,0,1,0
WC2026_0088,Argentina,Switzerland,WC-2026,T-03,ARG,9076.35076928077,2113,"Scaloni, Lionel",Lionel Scaloni,94,1,26,29.05228241983889,0,16,3,WC-2026,T-75,CHE,8079.837758395281,1897,"Yakın, Murat",Murat Yakın,57,1,26,28.3070604959722,0,15,4
WC2026_0089,Argentina,Tunisia,WC-2026,T-03,ARG,9076.35076928077,2113,"Scaloni, Lionel",Lionel Scaloni,94,1,26,29.05228241983889,0,16,3,WC-2026,T-79,TUN,9114.63766930202,1615,"Trabelsi, Sami",Sami Trabelsi,19,0,26,26.64465855841626,0,7,2
WC2026_0090,Argentina,Turkey,WC-2026,T-03,ARG,9076.35076928077,2113,"Scaloni, Lionel",Lionel Scaloni,94,1,26,29.05228241983889,0,16,3,WC-2026,T-80,TUR,10136.436627879562,1880,"Montella, Vincenzo",Vincenzo Montella,31,0,26,27.672195019217607,0,0,0
WC2026_0091,Argentina,United States,WC-2026,T-03,ARG,9076.35076928077,2113,"Scaloni, Lionel",Lionel Scaloni,94,1,26,29.05228241983889,0,16,3,WC-2026,T-83,USA,0,1747,"Pochettino, Mauricio",Mauricio Pochettino,24,0,26,26.90496498710051,0,11,0
WC2026_0092,Argentina,Uruguay,WC-2026,T-03,ARG,9076.35076928077,2113,"Scaloni, Lionel",Lionel Scaloni,94,1,26,29.05228241983889,0,16,3,WC-2026,T-84,URY,9282.411359256475,1890,"Bielsa, Marcelo",Marcelo Bielsa,34,2,26,28.742273469172854,0,13,4
WC2026_0093,Argentina,Uzbekistan,WC-2026,T-03,ARG,9076.35076928077,2113,"Scaloni, Lionel",Lionel Scaloni,94,1,26,29.05228241983889,0,16,3,WC-2026,UZB,UZB,10859.4548236802,1735,"Cannavaro, Fabio",Fabio Cannavaro,6,0,26,28.51166219133365,0,0,0
WC2026_0094,Australia,Austria,WC-2026,T-04,AUS,14653.988734294251,1774,"Popović, Tony",Tony Popović,16,0,26,27.35944821776444,0,8,4,WC-2026,T-05,AUT,8351.636752501134,1818,"Rangnick, Ralf",Ralf Rangnick,44,0,25,28.609007529089663,0,0,0
WC2026_0095,Australia,Belgium,WC-2026,T-04,AUS,14653.988734294251,1774,"Popović, Tony",Tony Popović,16,0,26,27.35944821776444,0,8,4,WC-2026,T-06,BEL,7608.706456152969,1850,"Garcia, Rudi",Rudi Garcia,12,0,26,27.61448954878113,0,11,6
WC2026_0096,Australia,Bosnia and Herzegovina,WC-2026,T-04,AUS,14653.988734294251,1774,"Popović, Tony",Tony Popović,16,0,26,27.35944821776444,0,8,4,WC-2026,T-08,BIH,8799.914694671237,1572,"Barbarez, Sergej",Sergej Barbarez,20,0,26,26.422471436845154,0,2,0
WC2026_0097,Australia,Brazil,WC-2026,T-04,AUS,14653.988734294251,1774,"Popović, Tony",Tony Popović,16,0,26,27.35944821776444,0,8,4,WC-2026,T-09,BRA,7396.651725397587,1978,"Ancelotti, Carlo",Carlo Ancelotti,10,0,26,29.202758911177803,0,5,0
WC2026_0098,Australia,Cabo Verde,WC-2026,T-04,AUS,14653.988734294251,1774,"Popović, Tony",Tony Popović,16,0,26,27.35944821776444,0,8,4,WC-2026,CPV,CPV,7732.128228517904,1561,"Bubista,",Bubista,59,0,26,29.676407097351657,0,0,0
WC2026_0099,Australia,Canada,WC-2026,T-04,AUS,14653.988734294251,1774,"Popović, Tony",Tony Popović,16,0,26,27.35944821776444,0,8,4,WC-2026,T-12,CAN,0,1802,"Marsch, Jesse",Jesse Marsch,30,0,25,27.103299110198495,0,10,0
WC2026_0100,Australia,Colombia,WC-2026,T-04,AUS,14653.988734294251,1774,"Popović, Tony",Tony Popović,16,0,26,27.35944821776444,0,8,4,WC-2026,T-16,COL,4836.620104090255,1998,"Lorenzo, Néstor",Néstor Lorenzo,44,0,26,30.08929605644185,0,9,5
WC2026_0101,Australia,Congo DR,WC-2026,T-04,AUS,14653.988734294251,1774,"Popović, Tony",Tony Popović,16,0,26,27.35944821776444,0,8,4,WC-2026,COD,COD,13091.613558524405,1657,"Desabre, Sébastien",Sébastien Desabre,46,0,26,29.06870952456168,0,0,0
WC2026_0102,Australia,Croatia,WC-2026,T-04,AUS,14653.988734294251,1774,"Popović, Tony",Tony Popović,16,0,26,27.35944821776444,0,8,4,WC-2026,T-18,HRV,8608.749072206005,1932,"Dalić, Zlatko",Zlatko Dalić,105,2,26,28.328752698362553,0,13,4
WC2026_0103,Australia,Curacao,WC-2026,T-04,AUS,14653.988734294251,1774,"Popović, Tony",Tony Popović,16,0,26,27.35944821776444,0,8,4,WC-2026,CUW,CUW,4359.8095622244355,1466,"Rutten, Fred",Fred Rutten,2,0,26,28.020955088716896,0,0,0
WC2026_0104,Australia,Czechia,WC-2026,T-04,AUS,14653.988734294251,1774,"Popović, Tony",Tony Popović,16,0,26,27.35944821776444,0,8,4,WC-2026,T-20,CZE,8250.286611837133,1731,"Koubek, Miroslav",Miroslav Koubek,2,0,26,27.620807665982205,0,0,0
WC2026_0105,Australia,Ecuador,WC-2026,T-04,AUS,14653.988734294251,1774,"Popović, Tony",Tony Popović,16,0,26,27.35944821776444,0,8,4,WC-2026,T-25,ECU,5050.644388665269,1933,"Beccacece, Sebastián",Sebastián Beccacece,18,0,26,26.07760753961986,0,11,1
WC2026_0106,Australia,Egypt,WC-2026,T-04,AUS,14653.988734294251,1774,"Popović, Tony",Tony Popović,16,0,26,27.35944821776444,0,8,4,WC-2026,T-26,EGY,11013.883086682994,1622,"Hassan, Hossam",Hossam Hassan,28,0,26,29.058916442900017,0,2,0
WC2026_0107,Australia,England,WC-2026,T-04,AUS,14653.988734294251,1774,"Popović, Tony",Tony Popović,16,0,26,27.35944821776444,0,8,4,WC-2026,T-28,ENG,7152.495586801294,2042,"Tuchel, Thomas",Thomas Tuchel,12,0,26,27.144105723161164,0,8,5
WC2026_0108,Australia,France,WC-2026,T-04,AUS,14653.988734294251,1774,"Popović, Tony",Tony Popović,16,0,26,27.35944821776444,0,8,4,WC-2026,T-30,FRA,7714.672685425144,2062,"Deschamps, Didier",Didier Deschamps,174,3,26,27.00100036855684,0,13,3
WC2026_0109,Australia,Germany,WC-2026,T-04,AUS,14653.988734294251,1774,"Popović, Tony",Tony Popović,16,0,26,27.35944821776444,0,8,4,WC-2026,T-31,DEU,7888.05221489964,1910,"Nagelsmann, Julian",Julian Nagelsmann,31,0,26,27.97788658979624,0,9,4
WC2026_0110,Australia,Ghana,WC-2026,T-04,AUS,14653.988734294251,1774,"Popović, Tony",Tony Popović,16,0,26,27.35944821776444,0,8,4,WC-2026,T-32,GHA,10227.032844066958,1509,"Addo, Otto",Otto Addo,34,1,26,26.975201389985784,0,8,1
WC2026_0111,Australia,Haiti,WC-2026,T-04,AUS,14653.988734294251,1774,"Popović, Tony",Tony Popović,16,0,26,27.35944821776444,0,8,4,WC-2026,T-34,HTI,3531.27062289123,1542,"Migné, Sébastien",Sébastien Migné,22,0,26,27.5778444690149,0,0,0
WC2026_0112,Australia,Iran,WC-2026,T-04,AUS,14653.988734294251,1774,"Popović, Tony",Tony Popović,16,0,26,27.35944821776444,0,8,4,WC-2026,T-38,IRN,11560.0244652263,1755,"Ghalenoei, Amir",Amir Ghalenoei,43,0,26,30.3325435686832,0,12,9
WC2026_0113,Australia,Iraq,WC-2026,T-04,AUS,14653.988734294251,1774,"Popović, Tony",Tony Popović,16,0,26,27.35944821776444,0,8,4,WC-2026,T-39,IRQ,11131.48949779042,1582,"Arnold, Graham",Graham Arnold,12,1,26,27.154530616542935,0,0,0
WC2026_0114,Australia,Ivory Coast,WC-2026,T-04,AUS,14653.988734294251,1774,"Popović, Tony",Tony Popović,16,0,26,27.35944821776444,0,8,4,WC-2026,T-42,CIV,9853.150045632055,1627,"Faé, Emerse",Emerse Faé,31,0,26,25.84899699889433,0,0,0
WC2026_0115,Australia,Japan,WC-2026,T-04,AUS,14653.988734294251,1774,"Popović, Tony",Tony Popović,16,0,26,27.35944821776444,0,8,4,WC-2026,T-44,JPN,9562.526814875126,1878,"Moriyasu, Hajime",Hajime Moriyasu,103,1,26,27.750434370557574,0,13,1
WC2026_0116,Australia,Jordan,WC-2026,T-04,AUS,14653.988734294251,1774,"Popović, Tony",Tony Popović,16,0,26,27.35944821776444,0,8,4,WC-2026,JOR,JOR,10984.601901755945,1689,"Sellami, Jamel",Jamel Sellami,29,0,26,28.44416363923551,0,0,0
WC2026_0117,Australia,Mexico,WC-2026,T-04,AUS,14653.988734294251,1774,"Popović, Tony",Tony Popović,16,0,26,27.35944821776444,0,8,4,WC-2026,T-46,MEX,0,1835,"Aguirre, Javier",Javier Aguirre,26,2,26,27.900700257989783,0,10,4
WC2026_0118,Australia,Morocco,WC-2026,T-04,AUS,14653.988734294251,1774,"Popović, Tony",Tony Popović,16,0,26,27.35944821776444,0,8,4,WC-2026,T-47,MAR,8047.458024689145,1840,"Regragui, Walid",Walid Regragui,49,1,26,26.394566419207077,0,9,3
WC2026_0119,Australia,Netherlands,WC-2026,T-04,AUS,14653.988734294251,1774,"Popović, Tony",Tony Popović,16,0,26,27.35944821776444,0,8,4,WC-2026,T-48,NLD,7554.561023407048,1959,"Koeman, Ronald",Ronald Koeman,38,0,26,27.739272363502344,0,11,1
WC2026_0120,Australia,New Zealand,WC-2026,T-04,AUS,14653.988734294251,1774,"Popović, Tony",Tony Popović,16,0,26,27.35944821776444,0,8,4,WC-2026,T-49,NZL,12567.39014190728,1585,"Bazeley, Darren",Darren Bazeley,32,0,26,28.11793818775338,0,2,0
WC2026_0121,Australia,Norway,WC-2026,T-04,AUS,14653.988734294251,1774,"Popović, Tony",Tony Popović,16,0,26,27.35944821776444,0,8,4,WC-2026,T-53,NOR,7116.618664157501,1922,"Solbakken, Ståle",Ståle Solbakken,54,0,26,26.804191017743378,0,0,0
WC2026_0122,Australia,Panama,WC-2026,T-04,AUS,14653.988734294251,1774,"Popović, Tony",Tony Popović,16,0,26,27.35944821776444,0,8,4,WC-2026,T-54,PAN,3966.489606135957,1742,"Christiansen, Thomas",Thomas Christiansen,89,0,26,30.426578213025852,0,5,0
WC2026_0123,Australia,Paraguay,WC-2026,T-04,AUS,14653.988734294251,1774,"Popović, Tony",Tony Popović,16,0,26,27.35944821776444,0,8,4,WC-2026,T-55,PRY,8273.164637737715,1833,"Alfaro, Gustavo",Gustavo Alfaro,19,1,26,29.031011425261937,0,0,0
WC2026_0124,Australia,Portugal,WC-2026,T-04,AUS,14653.988734294251,1774,"Popović, Tony",Tony Popović,16,0,26,27.35944821776444,0,8,4,WC-2026,T-58,PRT,7492.662634275795,1976,"Martínez, Roberto",Roberto Martínez,38,2,26,28.035276154372664,0,14,3
WC2026_0125,Australia,Qatar,WC-2026,T-04,AUS,14653.988734294251,1774,"Popović, Tony",Tony Popović,16,0,26,27.35944821776444,0,8,4,WC-2026,T-59,QAT,12201.51654796983,1425,Unknown,Unknown,0,0,26,29.507713368082975,0,12,0
WC2026_0126,Australia,Saudi Arabia,WC-2026,T-04,AUS,14653.988734294251,1774,"Popović, Tony",Tony Popović,16,0,26,27.35944821776444,0,8,4,WC-2026,T-63,SAU,11783.518070291611,1592,"Renard, Hervé",Hervé Renard,71,2,26,28.5160848733744,0,9,3
WC2026_0127,Australia,Scotland,WC-2026,T-04,AUS,14653.988734294251,1774,"Popović, Tony",Tony Popović,16,0,26,27.35944821776444,0,8,4,WC-2026,T-64,SCO,6752.840415840782,1790,"Clarke, Stevie",Stevie Clarke,76,0,26,29.20244300531775,0,0,0
WC2026_0128,Australia,Senegal,WC-2026,T-04,AUS,14653.988734294251,1774,"Popović, Tony",Tony Popović,16,0,26,27.35944821776444,0,8,4,WC-2026,T-65,SEN,8646.942720200805,1807,"Thiaw, Pape",Pape Thiaw,37,0,26,27.087242668351497,0,13,3
WC2026_0129,Australia,South Africa,WC-2026,T-04,AUS,14653.988734294251,1774,"Popović, Tony",Tony Popović,16,0,26,27.35944821776444,0,8,4,WC-2026,T-70,ZAF,14937.12069749442,1550,"Broos, Hugo",Hugo Broos,55,0,26,26.808403095877427,0,0,0
WC2026_0130,Australia,South Korea,WC-2026,T-04,AUS,14653.988734294251,1774,"Popović, Tony",Tony Popović,16,0,26,27.35944821776444,0,8,4,WC-2026,T-71,KOR,10196.189406281635,1784,"Hong, Myung-Bo",Myung-Bo Hong,21,1,26,28.06570841889117,0,6,0
WC2026_0131,Australia,Spain,WC-2026,T-04,AUS,14653.988734294251,1774,"Popović, Tony",Tony Popović,16,0,26,27.35944821776444,0,8,4,WC-2026,T-73,ESP,7746.922852806779,2172,"de La Fuente, Luis",Luis de La Fuente,40,0,26,26.747433264887064,0,6,0
WC2026_0132,Australia,Sweden,WC-2026,T-04,AUS,14653.988734294251,1774,"Popović, Tony",Tony Popović,16,0,26,27.35944821776444,0,8,4,WC-2026,T-74,SWE,7465.038363914989,1660,"Potter, Graham",Graham Potter,4,0,26,27.557099984204708,0,1,0
WC2026_0133,Australia,Switzerland,WC-2026,T-04,AUS,14653.988734294251,1774,"Popović, Tony",Tony Popović,16,0,26,27.35944821776444,0,8,4,WC-2026,T-75,CHE,8079.837758395281,1897,"Yakın, Murat",Murat Yakın,57,1,26,28.3070604959722,0,15,4
WC2026_0134,Australia,Tunisia,WC-2026,T-04,AUS,14653.988734294251,1774,"Popović, Tony",Tony Popović,16,0,26,27.35944821776444,0,8,4,WC-2026,T-79,TUN,9114.63766930202,1615,"Trabelsi, Sami",Sami Trabelsi,19,0,26,26.64465855841626,0,7,2
WC2026_0135,Australia,Turkey,WC-2026,T-04,AUS,14653.988734294251,1774,"Popović, Tony",Tony Popović,16,0,26,27.35944821776444,0,8,4,WC-2026,T-80,TUR,10136.436627879562,1880,"Montella, Vincenzo",Vincenzo Montella,31,0,26,27.672195019217607,0,0,0
WC2026_0136,Australia,United States,WC-2026,T-04,AUS,14653.988734294251,1774,"Popović, Tony",Tony Popović,16,0,26,27.35944821776444,0,8,4,WC-2026,T-83,USA,0,1747,"Pochettino, Mauricio",Mauricio Pochettino,24,0,26,26.90496498710051,0,11,0
WC2026_0137,Australia,Uruguay,WC-2026,T-04,AUS,14653.988734294251,1774,"Popović, Tony",Tony Popović,16,0,26,27.35944821776444,0,8,4,WC-2026,T-84,URY,9282.411359256475,1890,"Bielsa, Marcelo",Marcelo Bielsa,34,2,26,28.742273469172854,0,13,4
WC2026_0138,Australia,Uzbekistan,WC-2026,T-04,AUS,14653.988734294251,1774,"Popović, Tony",Tony Popović,16,0,26,27.35944821776444,0,8,4,WC-2026,UZB,UZB,10859.4548236802,1735,"Cannavaro, Fabio",Fabio Cannavaro,6,0,26,28.51166219133365,0,0,0
WC2026_0139,Austria,Belgium,WC-2026,T-05,AUT,8351.636752501134,1818,"Rangnick, Ralf",Ralf Rangnick,44,0,25,28.609007529089663,0,0,0,WC-2026,T-06,BEL,7608.706456152969,1850,"Garcia, Rudi",Rudi Garcia,12,0,26,27.61448954878113,0,11,6
WC2026_0140,Austria,Bosnia and Herzegovina,WC-2026,T-05,AUT,8351.636752501134,1818,"Rangnick, Ralf",Ralf Rangnick,44,0,25,28.609007529089663,0,0,0,WC-2026,T-08,BIH,8799.914694671237,1572,"Barbarez, Sergej",Sergej Barbarez,20,0,26,26.422471436845154,0,2,0
WC2026_0141,Austria,Brazil,WC-2026,T-05,AUT,8351.636752501134,1818,"Rangnick, Ralf",Ralf Rangnick,44,0,25,28.609007529089663,0,0,0,WC-2026,T-09,BRA,7396.651725397587,1978,"Ancelotti, Carlo",Carlo Ancelotti,10,0,26,29.202758911177803,0,5,0
WC2026_0142,Austria,Cabo Verde,WC-2026,T-05,AUT,8351.636752501134,1818,"Rangnick, Ralf",Ralf Rangnick,44,0,25,28.609007529089663,0,0,0,WC-2026,CPV,CPV,7732.128228517904,1561,"Bubista,",Bubista,59,0,26,29.676407097351657,0,0,0
WC2026_0143,Austria,Canada,WC-2026,T-05,AUT,8351.636752501134,1818,"Rangnick, Ralf",Ralf Rangnick,44,0,25,28.609007529089663,0,0,0,WC-2026,T-12,CAN,0,1802,"Marsch, Jesse",Jesse Marsch,30,0,25,27.103299110198495,0,10,0
WC2026_0144,Austria,Colombia,WC-2026,T-05,AUT,8351.636752501134,1818,"Rangnick, Ralf",Ralf Rangnick,44,0,25,28.609007529089663,0,0,0,WC-2026,T-16,COL,4836.620104090255,1998,"Lorenzo, Néstor",Néstor Lorenzo,44,0,26,30.08929605644185,0,9,5
WC2026_0145,Austria,Congo DR,WC-2026,T-05,AUT,8351.636752501134,1818,"Rangnick, Ralf",Ralf Rangnick,44,0,25,28.609007529089663,0,0,0,WC-2026,COD,COD,13091.613558524405,1657,"Desabre, Sébastien",Sébastien Desabre,46,0,26,29.06870952456168,0,0,0
WC2026_0146,Austria,Croatia,WC-2026,T-05,AUT,8351.636752501134,1818,"Rangnick, Ralf",Ralf Rangnick,44,0,25,28.609007529089663,0,0,0,WC-2026,T-18,HRV,8608.749072206005,1932,"Dalić, Zlatko",Zlatko Dalić,105,2,26,28.328752698362553,0,13,4
WC2026_0147,Austria,Curacao,WC-2026,T-05,AUT,8351.636752501134,1818,"Rangnick, Ralf",Ralf Rangnick,44,0,25,28.609007529089663,0,0,0,WC-2026,CUW,CUW,4359.8095622244355,1466,"Rutten, Fred",Fred Rutten,2,0,26,28.020955088716896,0,0,0
WC2026_0148,Austria,Czechia,WC-2026,T-05,AUT,8351.636752501134,1818,"Rangnick, Ralf",Ralf Rangnick,44,0,25,28.609007529089663,0,0,0,WC-2026,T-20,CZE,8250.286611837133,1731,"Koubek, Miroslav",Miroslav Koubek,2,0,26,27.620807665982205,0,0,0
WC2026_0149,Austria,Ecuador,WC-2026,T-05,AUT,8351.636752501134,1818,"Rangnick, Ralf",Ralf Rangnick,44,0,25,28.609007529089663,0,0,0,WC-2026,T-25,ECU,5050.644388665269,1933,"Beccacece, Sebastián",Sebastián Beccacece,18,0,26,26.07760753961986,0,11,1
WC2026_0150,Austria,Egypt,WC-2026,T-05,AUT,8351.636752501134,1818,"Rangnick, Ralf",Ralf Rangnick,44,0,25,28.609007529089663,0,0,0,WC-2026,T-26,EGY,11013.883086682994,1622,"Hassan, Hossam",Hossam Hassan,28,0,26,29.058916442900017,0,2,0
WC2026_0151,Austria,England,WC-2026,T-05,AUT,8351.636752501134,1818,"Rangnick, Ralf",Ralf Rangnick,44,0,25,28.609007529089663,0,0,0,WC-2026,T-28,ENG,7152.495586801294,2042,"Tuchel, Thomas",Thomas Tuchel,12,0,26,27.144105723161164,0,8,5
WC2026_0152,Austria,France,WC-2026,T-05,AUT,8351.636752501134,1818,"Rangnick, Ralf",Ralf Rangnick,44,0,25,28.609007529089663,0,0,0,WC-2026,T-30,FRA,7714.672685425144,2062,"Deschamps, Didier",Didier Deschamps,174,3,26,27.00100036855684,0,13,3
WC2026_0153,Austria,Germany,WC-2026,T-05,AUT,8351.636752501134,1818,"Rangnick, Ralf",Ralf Rangnick,44,0,25,28.609007529089663,0,0,0,WC-2026,T-31,DEU,7888.05221489964,1910,"Nagelsmann, Julian",Julian Nagelsmann,31,0,26,27.97788658979624,0,9,4
WC2026_0154,Austria,Ghana,WC-2026,T-05,AUT,8351.636752501134,1818,"Rangnick, Ralf",Ralf Rangnick,44,0,25,28.609007529089663,0,0,0,WC-2026,T-32,GHA,10227.032844066958,1509,"Addo, Otto",Otto Addo,34,1,26,26.975201389985784,0,8,1
WC2026_0155,Austria,Haiti,WC-2026,T-05,AUT,8351.636752501134,1818,"Rangnick, Ralf",Ralf Rangnick,44,0,25,28.609007529089663,0,0,0,WC-2026,T-34,HTI,3531.27062289123,1542,"Migné, Sébastien",Sébastien Migné,22,0,26,27.5778444690149,0,0,0
WC2026_0156,Austria,Iran,WC-2026,T-05,AUT,8351.636752501134,1818,"Rangnick, Ralf",Ralf Rangnick,44,0,25,28.609007529089663,0,0,0,WC-2026,T-38,IRN,11560.0244652263,1755,"Ghalenoei, Amir",Amir Ghalenoei,43,0,26,30.3325435686832,0,12,9
WC2026_0157,Austria,Iraq,WC-2026,T-05,AUT,8351.636752501134,1818,"Rangnick, Ralf",Ralf Rangnick,44,0,25,28.609007529089663,0,0,0,WC-2026,T-39,IRQ,11131.48949779042,1582,"Arnold, Graham",Graham Arnold,12,1,26,27.154530616542935,0,0,0
WC2026_0158,Austria,Ivory Coast,WC-2026,T-05,AUT,8351.636752501134,1818,"Rangnick, Ralf",Ralf Rangnick,44,0,25,28.609007529089663,0,0,0,WC-2026,T-42,CIV,9853.150045632055,1627,"Faé, Emerse",Emerse Faé,31,0,26,25.84899699889433,0,0,0
WC2026_0159,Austria,Japan,WC-2026,T-05,AUT,8351.636752501134,1818,"Rangnick, Ralf",Ralf Rangnick,44,0,25,28.609007529089663,0,0,0,WC-2026,T-44,JPN,9562.526814875126,1878,"Moriyasu, Hajime",Hajime Moriyasu,103,1,26,27.750434370557574,0,13,1
WC2026_0160,Austria,Jordan,WC-2026,T-05,AUT,8351.636752501134,1818,"Rangnick, Ralf",Ralf Rangnick,44,0,25,28.609007529089663,0,0,0,WC-2026,JOR,JOR,10984.601901755945,1689,"Sellami, Jamel",Jamel Sellami,29,0,26,28.44416363923551,0,0,0
WC2026_0161,Austria,Mexico,WC-2026,T-05,AUT,8351.636752501134,1818,"Rangnick, Ralf",Ralf Rangnick,44,0,25,28.609007529089663,0,0,0,WC-2026,T-46,MEX,0,1835,"Aguirre, Javier",Javier Aguirre,26,2,26,27.900700257989783,0,10,4
WC2026_0162,Austria,Morocco,WC-2026,T-05,AUT,8351.636752501134,1818,"Rangnick, Ralf",Ralf Rangnick,44,0,25,28.609007529089663,0,0,0,WC-2026,T-47,MAR,8047.458024689145,1840,"Regragui, Walid",Walid Regragui,49,1,26,26.394566419207077,0,9,3
WC2026_0163,Austria,Netherlands,WC-2026,T-05,AUT,8351.636752501134,1818,"Rangnick, Ralf",Ralf Rangnick,44,0,25,28.609007529089663,0,0,0,WC-2026,T-48,NLD,7554.561023407048,1959,"Koeman, Ronald",Ronald Koeman,38,0,26,27.739272363502344,0,11,1
WC2026_0164,Austria,New Zealand,WC-2026,T-05,AUT,8351.636752501134,1818,"Rangnick, Ralf",Ralf Rangnick,44,0,25,28.609007529089663,0,0,0,WC-2026,T-49,NZL,12567.39014190728,1585,"Bazeley, Darren",Darren Bazeley,32,0,26,28.11793818775338,0,2,0
WC2026_0165,Austria,Norway,WC-2026,T-05,AUT,8351.636752501134,1818,"Rangnick, Ralf",Ralf Rangnick,44,0,25,28.609007529089663,0,0,0,WC-2026,T-53,NOR,7116.618664157501,1922,"Solbakken, Ståle",Ståle Solbakken,54,0,26,26.804191017743378,0,0,0
WC2026_0166,Austria,Panama,WC-2026,T-05,AUT,8351.636752501134,1818,"Rangnick, Ralf",Ralf Rangnick,44,0,25,28.609007529089663,0,0,0,WC-2026,T-54,PAN,3966.489606135957,1742,"Christiansen, Thomas",Thomas Christiansen,89,0,26,30.426578213025852,0,5,0
WC2026_0167,Austria,Paraguay,WC-2026,T-05,AUT,8351.636752501134,1818,"Rangnick, Ralf",Ralf Rangnick,44,0,25,28.609007529089663,0,0,0,WC-2026,T-55,PRY,8273.164637737715,1833,"Alfaro, Gustavo",Gustavo Alfaro,19,1,26,29.031011425261937,0,0,0
WC2026_0168,Austria,Portugal,WC-2026,T-05,AUT,8351.636752501134,1818,"Rangnick, Ralf",Ralf Rangnick,44,0,25,28.609007529089663,0,0,0,WC-2026,T-58,PRT,7492.662634275795,1976,"Martínez, Roberto",Roberto Martínez,38,2,26,28.035276154372664,0,14,3
WC2026_0169,Austria,Qatar,WC-2026,T-05,AUT,8351.636752501134,1818,"Rangnick, Ralf",Ralf Rangnick,44,0,25,28.609007529089663,0,0,0,WC-2026,T-59,QAT,12201.51654796983,1425,Unknown,Unknown,0,0,26,29.507713368082975,0,12,0
WC2026_0170,Austria,Saudi Arabia,WC-2026,T-05,AUT,8351.636752501134,1818,"Rangnick, Ralf",Ralf Rangnick,44,0,25,28.609007529089663,0,0,0,WC-2026,T-63,SAU,11783.518070291611,1592,"Renard, Hervé",Hervé Renard,71,2,26,28.5160848733744,0,9,3
WC2026_0171,Austria,Scotland,WC-2026,T-05,AUT,8351.636752501134,1818,"Rangnick, Ralf",Ralf Rangnick,44,0,25,28.609007529089663,0,0,0,WC-2026,T-64,SCO,6752.840415840782,1790,"Clarke, Stevie",Stevie Clarke,76,0,26,29.20244300531775,0,0,0
WC2026_0172,Austria,Senegal,WC-2026,T-05,AUT,8351.636752501134,1818,"Rangnick, Ralf",Ralf Rangnick,44,0,25,28.609007529089663,0,0,0,WC-2026,T-65,SEN,8646.942720200805,1807,"Thiaw, Pape",Pape Thiaw,37,0,26,27.087242668351497,0,13,3
WC2026_0173,Austria,South Africa,WC-2026,T-05,AUT,8351.636752501134,1818,"Rangnick, Ralf",Ralf Rangnick,44,0,25,28.609007529089663,0,0,0,WC-2026,T-70,ZAF,14937.12069749442,1550,"Broos, Hugo",Hugo Broos,55,0,26,26.808403095877427,0,0,0
WC2026_0174,Austria,South Korea,WC-2026,T-05,AUT,8351.636752501134,1818,"Rangnick, Ralf",Ralf Rangnick,44,0,25,28.609007529089663,0,0,0,WC-2026,T-71,KOR,10196.189406281635,1784,"Hong, Myung-Bo",Myung-Bo Hong,21,1,26,28.06570841889117,0,6,0
WC2026_0175,Austria,Spain,WC-2026,T-05,AUT,8351.636752501134,1818,"Rangnick, Ralf",Ralf Rangnick,44,0,25,28.609007529089663,0,0,0,WC-2026,T-73,ESP,7746.922852806779,2172,"de La Fuente, Luis",Luis de La Fuente,40,0,26,26.747433264887064,0,6,0
WC2026_0176,Austria,Sweden,WC-2026,T-05,AUT,8351.636752501134,1818,"Rangnick, Ralf",Ralf Rangnick,44,0,25,28.609007529089663,0,0,0,WC-2026,T-74,SWE,7465.038363914989,1660,"Potter, Graham",Graham Potter,4,0,26,27.557099984204708,0,1,0
WC2026_0177,Austria,Switzerland,WC-2026,T-05,AUT,8351.636752501134,1818,"Rangnick, Ralf",Ralf Rangnick,44,0,25,28.609007529089663,0,0,0,WC-2026,T-75,CHE,8079.837758395281,1897,"Yakın, Murat",Murat Yakın,57,1,26,28.3070604959722,0,15,4
WC2026_0178,Austria,Tunisia,WC-2026,T-05,AUT,8351.636752501134,1818,"Rangnick, Ralf",Ralf Rangnick,44,0,25,28.609007529089663,0,0,0,WC-2026,T-79,TUN,9114.63766930202,1615,"Trabelsi, Sami",Sami Trabelsi,19,0,26,26.64465855841626,0,7,2
WC2026_0179,Austria,Turkey,WC-2026,T-05,AUT,8351.636752501134,1818,"Rangnick, Ralf",Ralf Rangnick,44,0,25,28.609007529089663,0,0,0,WC-2026,T-80,TUR,10136.436627879562,1880,"Montella, Vincenzo",Vincenzo Montella,31,0,26,27.672195019217607,0,0,0
WC2026_0180,Austria,United States,WC-2026,T-05,AUT,8351.636752501134,1818,"Rangnick, Ralf",Ralf Rangnick,44,0,25,28.609007529089663,0,0,0,WC-2026,T-83,USA,0,1747,"Pochettino, Mauricio",Mauricio Pochettino,24,0,26,26.90496498710051,0,11,0
WC2026_0181,Austria,Uruguay,WC-2026,T-05,AUT,8351.636752501134,1818,"Rangnick, Ralf",Ralf Rangnick,44,0,25,28.609007529089663,0,0,0,WC-2026,T-84,URY,9282.411359256475,1890,"Bielsa, Marcelo",Marcelo Bielsa,34,2,26,28.742273469172854,0,13,4
WC2026_0182,Austria,Uzbekistan,WC-2026,T-05,AUT,8351.636752501134,1818,"Rangnick, Ralf",Ralf Rangnick,44,0,25,28.609007529089663,0,0,0,WC-2026,UZB,UZB,10859.4548236802,1735,"Cannavaro, Fabio",Fabio Cannavaro,6,0,26,28.51166219133365,0,0,0
WC2026_0183,Belgium,Bosnia and Herzegovina,WC-2026,T-06,BEL,7608.706456152969,1850,"Garcia, Rudi",Rudi Garcia,12,0,26,27.61448954878113,0,11,6,WC-2026,T-08,BIH,8799.914694671237,1572,"Barbarez, Sergej",Sergej Barbarez,20,0,26,26.422471436845154,0,2,0
WC2026_0184,Belgium,Brazil,WC-2026,T-06,BEL,7608.706456152969,1850,"Garcia, Rudi",Rudi Garcia,12,0,26,27.61448954878113,0,11,6,WC-2026,T-09,BRA,7396.651725397587,1978,"Ancelotti, Carlo",Carlo Ancelotti,10,0,26,29.202758911177803,0,5,0
WC2026_0185,Belgium,Cabo Verde,WC-2026,T-06,BEL,7608.706456152969,1850,"Garcia, Rudi",Rudi Garcia,12,0,26,27.61448954878113,0,11,6,WC-2026,CPV,CPV,7732.128228517904,1561,"Bubista,",Bubista,59,0,26,29.676407097351657,0,0,0
WC2026_0186,Belgium,Canada,WC-2026,T-06,BEL,7608.706456152969,1850,"Garcia, Rudi",Rudi Garcia,12,0,26,27.61448954878113,0,11,6,WC-2026,T-12,CAN,0,1802,"Marsch, Jesse",Jesse Marsch,30,0,25,27.103299110198495,0,10,0
WC2026_0187,Belgium,Colombia,WC-2026,T-06,BEL,7608.706456152969,1850,"Garcia, Rudi",Rudi Garcia,12,0,26,27.61448954878113,0,11,6,WC-2026,T-16,COL,4836.620104090255,1998,"Lorenzo, Néstor",Néstor Lorenzo,44,0,26,30.08929605644185,0,9,5
WC2026_0188,Belgium,Congo DR,WC-2026,T-06,BEL,7608.706456152969,1850,"Garcia, Rudi",Rudi Garcia,12,0,26,27.61448954878113,0,11,6,WC-2026,COD,COD,13091.613558524405,1657,"Desabre, Sébastien",Sébastien Desabre,46,0,26,29.06870952456168,0,0,0
WC2026_0189,Belgium,Croatia,WC-2026,T-06,BEL,7608.706456152969,1850,"Garcia, Rudi",Rudi Garcia,12,0,26,27.61448954878113,0,11,6,WC-2026,T-18,HRV,8608.749072206005,1932,"Dalić, Zlatko",Zlatko Dalić,105,2,26,28.328752698362553,0,13,4
WC2026_0190,Belgium,Curacao,WC-2026,T-06,BEL,7608.706456152969,1850,"Garcia, Rudi",Rudi Garcia,12,0,26,27.61448954878113,0,11,6,WC-2026,CUW,CUW,4359.8095622244355,1466,"Rutten, Fred",Fred Rutten,2,0,26,28.020955088716896,0,0,0
WC2026_0191,Belgium,Czechia,WC-2026,T-06,BEL,7608.706456152969,1850,"Garcia, Rudi",Rudi Garcia,12,0,26,27.61448954878113,0,11,6,WC-2026,T-20,CZE,8250.286611837133,1731,"Koubek, Miroslav",Miroslav Koubek,2,0,26,27.620807665982205,0,0,0
WC2026_0192,Belgium,Ecuador,WC-2026,T-06,BEL,7608.706456152969,1850,"Garcia, Rudi",Rudi Garcia,12,0,26,27.61448954878113,0,11,6,WC-2026,T-25,ECU,5050.644388665269,1933,"Beccacece, Sebastián",Sebastián Beccacece,18,0,26,26.07760753961986,0,11,1
WC2026_0193,Belgium,Egypt,WC-2026,T-06,BEL,7608.706456152969,1850,"Garcia, Rudi",Rudi Garcia,12,0,26,27.61448954878113,0,11,6,WC-2026,T-26,EGY,11013.883086682994,1622,"Hassan, Hossam",Hossam Hassan,28,0,26,29.058916442900017,0,2,0
WC2026_0194,Belgium,England,WC-2026,T-06,BEL,7608.706456152969,1850,"Garcia, Rudi",Rudi Garcia,12,0,26,27.61448954878113,0,11,6,WC-2026,T-28,ENG,7152.495586801294,2042,"Tuchel, Thomas",Thomas Tuchel,12,0,26,27.144105723161164,0,8,5
WC2026_0195,Belgium,France,WC-2026,T-06,BEL,7608.706456152969,1850,"Garcia, Rudi",Rudi Garcia,12,0,26,27.61448954878113,0,11,6,WC-2026,T-30,FRA,7714.672685425144,2062,"Deschamps, Didier",Didier Deschamps,174,3,26,27.00100036855684,0,13,3
WC2026_0196,Belgium,Germany,WC-2026,T-06,BEL,7608.706456152969,1850,"Garcia, Rudi",Rudi Garcia,12,0,26,27.61448954878113,0,11,6,WC-2026,T-31,DEU,7888.05221489964,1910,"Nagelsmann, Julian",Julian Nagelsmann,31,0,26,27.97788658979624,0,9,4
WC2026_0197,Belgium,Ghana,WC-2026,T-06,BEL,7608.706456152969,1850,"Garcia, Rudi",Rudi Garcia,12,0,26,27.61448954878113,0,11,6,WC-2026,T-32,GHA,10227.032844066958,1509,"Addo, Otto",Otto Addo,34,1,26,26.975201389985784,0,8,1
WC2026_0198,Belgium,Haiti,WC-2026,T-06,BEL,7608.706456152969,1850,"Garcia, Rudi",Rudi Garcia,12,0,26,27.61448954878113,0,11,6,WC-2026,T-34,HTI,3531.27062289123,1542,"Migné, Sébastien",Sébastien Migné,22,0,26,27.5778444690149,0,0,0
WC2026_0199,Belgium,Iran,WC-2026,T-06,BEL,7608.706456152969,1850,"Garcia, Rudi",Rudi Garcia,12,0,26,27.61448954878113,0,11,6,WC-2026,T-38,IRN,11560.0244652263,1755,"Ghalenoei, Amir",Amir Ghalenoei,43,0,26,30.3325435686832,0,12,9
WC2026_0200,Belgium,Iraq,WC-2026,T-06,BEL,7608.706456152969,1850,"Garcia, Rudi",Rudi Garcia,12,0,26,27.61448954878113,0,11,6,WC-2026,T-39,IRQ,11131.48949779042,1582,"Arnold, Graham",Graham Arnold,12,1,26,27.154530616542935,0,0,0
WC2026_0201,Belgium,Ivory Coast,WC-2026,T-06,BEL,7608.706456152969,1850,"Garcia, Rudi",Rudi Garcia,12,0,26,27.61448954878113,0,11,6,WC-2026,T-42,CIV,9853.150045632055,1627,"Faé, Emerse",Emerse Faé,31,0,26,25.84899699889433,0,0,0
WC2026_0202,Belgium,Japan,WC-2026,T-06,BEL,7608.706456152969,1850,"Garcia, Rudi",Rudi Garcia,12,0,26,27.61448954878113,0,11,6,WC-2026,T-44,JPN,9562.526814875126,1878,"Moriyasu, Hajime",Hajime Moriyasu,103,1,26,27.750434370557574,0,13,1
WC2026_0203,Belgium,Jordan,WC-2026,T-06,BEL,7608.706456152969,1850,"Garcia, Rudi",Rudi Garcia,12,0,26,27.61448954878113,0,11,6,WC-2026,JOR,JOR,10984.601901755945,1689,"Sellami, Jamel",Jamel Sellami,29,0,26,28.44416363923551,0,0,0
WC2026_0204,Belgium,Mexico,WC-2026,T-06,BEL,7608.706456152969,1850,"Garcia, Rudi",Rudi Garcia,12,0,26,27.61448954878113,0,11,6,WC-2026,T-46,MEX,0,1835,"Aguirre, Javier",Javier Aguirre,26,2,26,27.900700257989783,0,10,4
WC2026_0205,Belgium,Morocco,WC-2026,T-06,BEL,7608.706456152969,1850,"Garcia, Rudi",Rudi Garcia,12,0,26,27.61448954878113,0,11,6,WC-2026,T-47,MAR,8047.458024689145,1840,"Regragui, Walid",Walid Regragui,49,1,26,26.394566419207077,0,9,3
WC2026_0206,Belgium,Netherlands,WC-2026,T-06,BEL,7608.706456152969,1850,"Garcia, Rudi",Rudi Garcia,12,0,26,27.61448954878113,0,11,6,WC-2026,T-48,NLD,7554.561023407048,1959,"Koeman, Ronald",Ronald Koeman,38,0,26,27.739272363502344,0,11,1
WC2026_0207,Belgium,New Zealand,WC-2026,T-06,BEL,7608.706456152969,1850,"Garcia, Rudi",Rudi Garcia,12,0,26,27.61448954878113,0,11,6,WC-2026,T-49,NZL,12567.39014190728,1585,"Bazeley, Darren",Darren Bazeley,32,0,26,28.11793818775338,0,2,0
WC2026_0208,Belgium,Norway,WC-2026,T-06,BEL,7608.706456152969,1850,"Garcia, Rudi",Rudi Garcia,12,0,26,27.61448954878113,0,11,6,WC-2026,T-53,NOR,7116.618664157501,1922,"Solbakken, Ståle",Ståle Solbakken,54,0,26,26.804191017743378,0,0,0
WC2026_0209,Belgium,Panama,WC-2026,T-06,BEL,7608.706456152969,1850,"Garcia, Rudi",Rudi Garcia,12,0,26,27.61448954878113,0,11,6,WC-2026,T-54,PAN,3966.489606135957,1742,"Christiansen, Thomas",Thomas Christiansen,89,0,26,30.426578213025852,0,5,0
WC2026_0210,Belgium,Paraguay,WC-2026,T-06,BEL,7608.706456152969,1850,"Garcia, Rudi",Rudi Garcia,12,0,26,27.61448954878113,0,11,6,WC-2026,T-55,PRY,8273.164637737715,1833,"Alfaro, Gustavo",Gustavo Alfaro,19,1,26,29.031011425261937,0,0,0
WC2026_0211,Belgium,Portugal,WC-2026,T-06,BEL,7608.706456152969,1850,"Garcia, Rudi",Rudi Garcia,12,0,26,27.61448954878113,0,11,6,WC-2026,T-58,PRT,7492.662634275795,1976,"Martínez, Roberto",Roberto Martínez,38,2,26,28.035276154372664,0,14,3
WC2026_0212,Belgium,Qatar,WC-2026,T-06,BEL,7608.706456152969,1850,"Garcia, Rudi",Rudi Garcia,12,0,26,27.61448954878113,0,11,6,WC-2026,T-59,QAT,12201.51654796983,1425,Unknown,Unknown,0,0,26,29.507713368082975,0,12,0
WC2026_0213,Belgium,Saudi Arabia,WC-2026,T-06,BEL,7608.706456152969,1850,"Garcia, Rudi",Rudi Garcia,12,0,26,27.61448954878113,0,11,6,WC-2026,T-63,SAU,11783.518070291611,1592,"Renard, Hervé",Hervé Renard,71,2,26,28.5160848733744,0,9,3
WC2026_0214,Belgium,Scotland,WC-2026,T-06,BEL,7608.706456152969,1850,"Garcia, Rudi",Rudi Garcia,12,0,26,27.61448954878113,0,11,6,WC-2026,T-64,SCO,6752.840415840782,1790,"Clarke, Stevie",Stevie Clarke,76,0,26,29.20244300531775,0,0,0
WC2026_0215,Belgium,Senegal,WC-2026,T-06,BEL,7608.706456152969,1850,"Garcia, Rudi",Rudi Garcia,12,0,26,27.61448954878113,0,11,6,WC-2026,T-65,SEN,8646.942720200805,1807,"Thiaw, Pape",Pape Thiaw,37,0,26,27.087242668351497,0,13,3
WC2026_0216,Belgium,South Africa,WC-2026,T-06,BEL,7608.706456152969,1850,"Garcia, Rudi",Rudi Garcia,12,0,26,27.61448954878113,0,11,6,WC-2026,T-70,ZAF,14937.12069749442,1550,"Broos, Hugo",Hugo Broos,55,0,26,26.808403095877427,0,0,0
WC2026_0217,Belgium,South Korea,WC-2026,T-06,BEL,7608.706456152969,1850,"Garcia, Rudi",Rudi Garcia,12,0,26,27.61448954878113,0,11,6,WC-2026,T-71,KOR,10196.189406281635,1784,"Hong, Myung-Bo",Myung-Bo Hong,21,1,26,28.06570841889117,0,6,0
WC2026_0218,Belgium,Spain,WC-2026,T-06,BEL,7608.706456152969,1850,"Garcia, Rudi",Rudi Garcia,12,0,26,27.61448954878113,0,11,6,WC-2026,T-73,ESP,7746.922852806779,2172,"de La Fuente, Luis",Luis de La Fuente,40,0,26,26.747433264887064,0,6,0
WC2026_0219,Belgium,Sweden,WC-2026,T-06,BEL,7608.706456152969,1850,"Garcia, Rudi",Rudi Garcia,12,0,26,27.61448954878113,0,11,6,WC-2026,T-74,SWE,7465.038363914989,1660,"Potter, Graham",Graham Potter,4,0,26,27.557099984204708,0,1,0
WC2026_0220,Belgium,Switzerland,WC-2026,T-06,BEL,7608.706456152969,1850,"Garcia, Rudi",Rudi Garcia,12,0,26,27.61448954878113,0,11,6,WC-2026,T-75,CHE,8079.837758395281,1897,"Yakın, Murat",Murat Yakın,57,1,26,28.3070604959722,0,15,4
WC2026_0221,Belgium,Tunisia,WC-2026,T-06,BEL,7608.706456152969,1850,"Garcia, Rudi",Rudi Garcia,12,0,26,27.61448954878113,0,11,6,WC-2026,T-79,TUN,9114.63766930202,1615,"Trabelsi, Sami",Sami Trabelsi,19,0,26,26.64465855841626,0,7,2
WC2026_0222,Belgium,Turkey,WC-2026,T-06,BEL,7608.706456152969,1850,"Garcia, Rudi",Rudi Garcia,12,0,26,27.61448954878113,0,11,6,WC-2026,T-80,TUR,10136.436627879562,1880,"Montella, Vincenzo",Vincenzo Montella,31,0,26,27.672195019217607,0,0,0
WC2026_0223,Belgium,United States,WC-2026,T-06,BEL,7608.706456152969,1850,"Garcia, Rudi",Rudi Garcia,12,0,26,27.61448954878113,0,11,6,WC-2026,T-83,USA,0,1747,"Pochettino, Mauricio",Mauricio Pochettino,24,0,26,26.90496498710051,0,11,0
WC2026_0224,Belgium,Uruguay,WC-2026,T-06,BEL,7608.706456152969,1850,"Garcia, Rudi",Rudi Garcia,12,0,26,27.61448954878113,0,11,6,WC-2026,T-84,URY,9282.411359256475,1890,"Bielsa, Marcelo",Marcelo Bielsa,34,2,26,28.742273469172854,0,13,4
WC2026_0225,Belgium,Uzbekistan,WC-2026,T-06,BEL,7608.706456152969,1850,"Garcia, Rudi",Rudi Garcia,12,0,26,27.61448954878113,0,11,6,WC-2026,UZB,UZB,10859.4548236802,1735,"Cannavaro, Fabio",Fabio Cannavaro,6,0,26,28.51166219133365,0,0,0
WC2026_0226,Bosnia and Herzegovina,Brazil,WC-2026,T-08,BIH,8799.914694671237,1572,"Barbarez, Sergej",Sergej Barbarez,20,0,26,26.422471436845154,0,2,0,WC-2026,T-09,BRA,7396.651725397587,1978,"Ancelotti, Carlo",Carlo Ancelotti,10,0,26,29.202758911177803,0,5,0
WC2026_0227,Bosnia and Herzegovina,Cabo Verde,WC-2026,T-08,BIH,8799.914694671237,1572,"Barbarez, Sergej",Sergej Barbarez,20,0,26,26.422471436845154,0,2,0,WC-2026,CPV,CPV,7732.128228517904,1561,"Bubista,",Bubista,59,0,26,29.676407097351657,0,0,0
WC2026_0228,Bosnia and Herzegovina,Canada,WC-2026,T-08,BIH,8799.914694671237,1572,"Barbarez, Sergej",Sergej Barbarez,20,0,26,26.422471436845154,0,2,0,WC-2026,T-12,CAN,0,1802,"Marsch, Jesse",Jesse Marsch,30,0,25,27.103299110198495,0,10,0
WC2026_0229,Bosnia and Herzegovina,Colombia,WC-2026,T-08,BIH,8799.914694671237,1572,"Barbarez, Sergej",Sergej Barbarez,20,0,26,26.422471436845154,0,2,0,WC-2026,T-16,COL,4836.620104090255,1998,"Lorenzo, Néstor",Néstor Lorenzo,44,0,26,30.08929605644185,0,9,5
WC2026_0230,Bosnia and Herzegovina,Congo DR,WC-2026,T-08,BIH,8799.914694671237,1572,"Barbarez, Sergej",Sergej Barbarez,20,0,26,26.422471436845154,0,2,0,WC-2026,COD,COD,13091.613558524405,1657,"Desabre, Sébastien",Sébastien Desabre,46,0,26,29.06870952456168,0,0,0
WC2026_0231,Bosnia and Herzegovina,Croatia,WC-2026,T-08,BIH,8799.914694671237,1572,"Barbarez, Sergej",Sergej Barbarez,20,0,26,26.422471436845154,0,2,0,WC-2026,T-18,HRV,8608.749072206005,1932,"Dalić, Zlatko",Zlatko Dalić,105,2,26,28.328752698362553,0,13,4
WC2026_0232,Bosnia and Herzegovina,Curacao,WC-2026,T-08,BIH,8799.914694671237,1572,"Barbarez, Sergej",Sergej Barbarez,20,0,26,26.422471436845154,0,2,0,WC-2026,CUW,CUW,4359.8095622244355,1466,"Rutten, Fred",Fred Rutten,2,0,26,28.020955088716896,0,0,0
WC2026_0233,Bosnia and Herzegovina,Czechia,WC-2026,T-08,BIH,8799.914694671237,1572,"Barbarez, Sergej",Sergej Barbarez,20,0,26,26.422471436845154,0,2,0,WC-2026,T-20,CZE,8250.286611837133,1731,"Koubek, Miroslav",Miroslav Koubek,2,0,26,27.620807665982205,0,0,0
WC2026_0234,Bosnia and Herzegovina,Ecuador,WC-2026,T-08,BIH,8799.914694671237,1572,"Barbarez, Sergej",Sergej Barbarez,20,0,26,26.422471436845154,0,2,0,WC-2026,T-25,ECU,5050.644388665269,1933,"Beccacece, Sebastián",Sebastián Beccacece,18,0,26,26.07760753961986,0,11,1
WC2026_0235,Bosnia and Herzegovina,Egypt,WC-2026,T-08,BIH,8799.914694671237,1572,"Barbarez, Sergej",Sergej Barbarez,20,0,26,26.422471436845154,0,2,0,WC-2026,T-26,EGY,11013.883086682994,1622,"Hassan, Hossam",Hossam Hassan,28,0,26,29.058916442900017,0,2,0
WC2026_0236,Bosnia and Herzegovina,England,WC-2026,T-08,BIH,8799.914694671237,1572,"Barbarez, Sergej",Sergej Barbarez,20,0,26,26.422471436845154,0,2,0,WC-2026,T-28,ENG,7152.495586801294,2042,"Tuchel, Thomas",Thomas Tuchel,12,0,26,27.144105723161164,0,8,5
WC2026_0237,Bosnia and Herzegovina,France,WC-2026,T-08,BIH,8799.914694671237,1572,"Barbarez, Sergej",Sergej Barbarez,20,0,26,26.422471436845154,0,2,0,WC-2026,T-30,FRA,7714.672685425144,2062,"Deschamps, Didier",Didier Deschamps,174,3,26,27.00100036855684,0,13,3
WC2026_0238,Bosnia and Herzegovina,Germany,WC-2026,T-08,BIH,8799.914694671237,1572,"Barbarez, Sergej",Sergej Barbarez,20,0,26,26.422471436845154,0,2,0,WC-2026,T-31,DEU,7888.05221489964,1910,"Nagelsmann, Julian",Julian Nagelsmann,31,0,26,27.97788658979624,0,9,4
WC2026_0239,Bosnia and Herzegovina,Ghana,WC-2026,T-08,BIH,8799.914694671237,1572,"Barbarez, Sergej",Sergej Barbarez,20,0,26,26.422471436845154,0,2,0,WC-2026,T-32,GHA,10227.032844066958,1509,"Addo, Otto",Otto Addo,34,1,26,26.975201389985784,0,8,1
WC2026_0240,Bosnia and Herzegovina,Haiti,WC-2026,T-08,BIH,8799.914694671237,1572,"Barbarez, Sergej",Sergej Barbarez,20,0,26,26.422471436845154,0,2,0,WC-2026,T-34,HTI,3531.27062289123,1542,"Migné, Sébastien",Sébastien Migné,22,0,26,27.5778444690149,0,0,0
WC2026_0241,Bosnia and Herzegovina,Iran,WC-2026,T-08,BIH,8799.914694671237,1572,"Barbarez, Sergej",Sergej Barbarez,20,0,26,26.422471436845154,0,2,0,WC-2026,T-38,IRN,11560.0244652263,1755,"Ghalenoei, Amir",Amir Ghalenoei,43,0,26,30.3325435686832,0,12,9
WC2026_0242,Bosnia and Herzegovina,Iraq,WC-2026,T-08,BIH,8799.914694671237,1572,"Barbarez, Sergej",Sergej Barbarez,20,0,26,26.422471436845154,0,2,0,WC-2026,T-39,IRQ,11131.48949779042,1582,"Arnold, Graham",Graham Arnold,12,1,26,27.154530616542935,0,0,0
WC2026_0243,Bosnia and Herzegovina,Ivory Coast,WC-2026,T-08,BIH,8799.914694671237,1572,"Barbarez, Sergej",Sergej Barbarez,20,0,26,26.422471436845154,0,2,0,WC-2026,T-42,CIV,9853.150045632055,1627,"Faé, Emerse",Emerse Faé,31,0,26,25.84899699889433,0,0,0
WC2026_0244,Bosnia and Herzegovina,Japan,WC-2026,T-08,BIH,8799.914694671237,1572,"Barbarez, Sergej",Sergej Barbarez,20,0,26,26.422471436845154,0,2,0,WC-2026,T-44,JPN,9562.526814875126,1878,"Moriyasu, Hajime",Hajime Moriyasu,103,1,26,27.750434370557574,0,13,1
WC2026_0245,Bosnia and Herzegovina,Jordan,WC-2026,T-08,BIH,8799.914694671237,1572,"Barbarez, Sergej",Sergej Barbarez,20,0,26,26.422471436845154,0,2,0,WC-2026,JOR,JOR,10984.601901755945,1689,"Sellami, Jamel",Jamel Sellami,29,0,26,28.44416363923551,0,0,0
WC2026_0246,Bosnia and Herzegovina,Mexico,WC-2026,T-08,BIH,8799.914694671237,1572,"Barbarez, Sergej",Sergej Barbarez,20,0,26,26.422471436845154,0,2,0,WC-2026,T-46,MEX,0,1835,"Aguirre, Javier",Javier Aguirre,26,2,26,27.900700257989783,0,10,4
WC2026_0247,Bosnia and Herzegovina,Morocco,WC-2026,T-08,BIH,8799.914694671237,1572,"Barbarez, Sergej",Sergej Barbarez,20,0,26,26.422471436845154,0,2,0,WC-2026,T-47,MAR,8047.458024689145,1840,"Regragui, Walid",Walid Regragui,49,1,26,26.394566419207077,0,9,3
WC2026_0248,Bosnia and Herzegovina,Netherlands,WC-2026,T-08,BIH,8799.914694671237,1572,"Barbarez, Sergej",Sergej Barbarez,20,0,26,26.422471436845154,0,2,0,WC-2026,T-48,NLD,7554.561023407048,1959,"Koeman, Ronald",Ronald Koeman,38,0,26,27.739272363502344,0,11,1
WC2026_0249,Bosnia and Herzegovina,New Zealand,WC-2026,T-08,BIH,8799.914694671237,1572,"Barbarez, Sergej",Sergej Barbarez,20,0,26,26.422471436845154,0,2,0,WC-2026,T-49,NZL,12567.39014190728,1585,"Bazeley, Darren",Darren Bazeley,32,0,26,28.11793818775338,0,2,0
WC2026_0250,Bosnia and Herzegovina,Norway,WC-2026,T-08,BIH,8799.914694671237,1572,"Barbarez, Sergej",Sergej Barbarez,20,0,26,26.422471436845154,0,2,0,WC-2026,T-53,NOR,7116.618664157501,1922,"Solbakken, Ståle",Ståle Solbakken,54,0,26,26.804191017743378,0,0,0
WC2026_0251,Bosnia and Herzegovina,Panama,WC-2026,T-08,BIH,8799.914694671237,1572,"Barbarez, Sergej",Sergej Barbarez,20,0,26,26.422471436845154,0,2,0,WC-2026,T-54,PAN,3966.489606135957,1742,"Christiansen, Thomas",Thomas Christiansen,89,0,26,30.426578213025852,0,5,0
WC2026_0252,Bosnia and Herzegovina,Paraguay,WC-2026,T-08,BIH,8799.914694671237,1572,"Barbarez, Sergej",Sergej Barbarez,20,0,26,26.422471436845154,0,2,0,WC-2026,T-55,PRY,8273.164637737715,1833,"Alfaro, Gustavo",Gustavo Alfaro,19,1,26,29.031011425261937,0,0,0
WC2026_0253,Bosnia and Herzegovina,Portugal,WC-2026,T-08,BIH,8799.914694671237,1572,"Barbarez, Sergej",Sergej Barbarez,20,0,26,26.422471436845154,0,2,0,WC-2026,T-58,PRT,7492.662634275795,1976,"Martínez, Roberto",Roberto Martínez,38,2,26,28.035276154372664,0,14,3
WC2026_0254,Bosnia and Herzegovina,Qatar,WC-2026,T-08,BIH,8799.914694671237,1572,"Barbarez, Sergej",Sergej Barbarez,20,0,26,26.422471436845154,0,2,0,WC-2026,T-59,QAT,12201.51654796983,1425,Unknown,Unknown,0,0,26,29.507713368082975,0,12,0
WC2026_0255,Bosnia and Herzegovina,Saudi Arabia,WC-2026,T-08,BIH,8799.914694671237,1572,"Barbarez, Sergej",Sergej Barbarez,20,0,26,26.422471436845154,0,2,0,WC-2026,T-63,SAU,11783.518070291611,1592,"Renard, Hervé",Hervé Renard,71,2,26,28.5160848733744,0,9,3
WC2026_0256,Bosnia and Herzegovina,Scotland,WC-2026,T-08,BIH,8799.914694671237,1572,"Barbarez, Sergej",Sergej Barbarez,20,0,26,26.422471436845154,0,2,0,WC-2026,T-64,SCO,6752.840415840782,1790,"Clarke, Stevie",Stevie Clarke,76,0,26,29.20244300531775,0,0,0
WC2026_0257,Bosnia and Herzegovina,Senegal,WC-2026,T-08,BIH,8799.914694671237,1572,"Barbarez, Sergej",Sergej Barbarez,20,0,26,26.422471436845154,0,2,0,WC-2026,T-65,SEN,8646.942720200805,1807,"Thiaw, Pape",Pape Thiaw,37,0,26,27.087242668351497,0,13,3
WC2026_0258,Bosnia and Herzegovina,South Africa,WC-2026,T-08,BIH,8799.914694671237,1572,"Barbarez, Sergej",Sergej Barbarez,20,0,26,26.422471436845154,0,2,0,WC-2026,T-70,ZAF,14937.12069749442,1550,"Broos, Hugo",Hugo Broos,55,0,26,26.808403095877427,0,0,0
WC2026_0259,Bosnia and Herzegovina,South Korea,WC-2026,T-08,BIH,8799.914694671237,1572,"Barbarez, Sergej",Sergej Barbarez,20,0,26,26.422471436845154,0,2,0,WC-2026,T-71,KOR,10196.189406281635,1784,"Hong, Myung-Bo",Myung-Bo Hong,21,1,26,28.06570841889117,0,6,0
WC2026_0260,Bosnia and Herzegovina,Spain,WC-2026,T-08,BIH,8799.914694671237,1572,"Barbarez, Sergej",Sergej Barbarez,20,0,26,26.422471436845154,0,2,0,WC-2026,T-73,ESP,7746.922852806779,2172,"de La Fuente, Luis",Luis de La Fuente,40,0,26,26.747433264887064,0,6,0
WC2026_0261,Bosnia and Herzegovina,Sweden,WC-2026,T-08,BIH,8799.914694671237,1572,"Barbarez, Sergej",Sergej Barbarez,20,0,26,26.422471436845154,0,2,0,WC-2026,T-74,SWE,7465.038363914989,1660,"Potter, Graham",Graham Potter,4,0,26,27.557099984204708,0,1,0
WC2026_0262,Bosnia and Herzegovina,Switzerland,WC-2026,T-08,BIH,8799.914694671237,1572,"Barbarez, Sergej",Sergej Barbarez,20,0,26,26.422471436845154,0,2,0,WC-2026,T-75,CHE,8079.837758395281,1897,"Yakın, Murat",Murat Yakın,57,1,26,28.3070604959722,0,15,4
WC2026_0263,Bosnia and Herzegovina,Tunisia,WC-2026,T-08,BIH,8799.914694671237,1572,"Barbarez, Sergej",Sergej Barbarez,20,0,26,26.422471436845154,0,2,0,WC-2026,T-79,TUN,9114.63766930202,1615,"Trabelsi, Sami",Sami Trabelsi,19,0,26,26.64465855841626,0,7,2
WC2026_0264,Bosnia and Herzegovina,Turkey,WC-2026,T-08,BIH,8799.914694671237,1572,"Barbarez, Sergej",Sergej Barbarez,20,0,26,26.422471436845154,0,2,0,WC-2026,T-80,TUR,10136.436627879562,1880,"Montella, Vincenzo",Vincenzo Montella,31,0,26,27.672195019217607,0,0,0
WC2026_0265,Bosnia and Herzegovina,United States,WC-2026,T-08,BIH,8799.914694671237,1572,"Barbarez, Sergej",Sergej Barbarez,20,0,26,26.422471436845154,0,2,0,WC-2026,T-83,USA,0,1747,"Pochettino, Mauricio",Mauricio Pochettino,24,0,26,26.90496498710051,0,11,0
WC2026_0266,Bosnia and Herzegovina,Uruguay,WC-2026,T-08,BIH,8799.914694671237,1572,"Barbarez, Sergej",Sergej Barbarez,20,0,26,26.422471436845154,0,2,0,WC-2026,T-84,URY,9282.411359256475,1890,"Bielsa, Marcelo",Marcelo Bielsa,34,2,26,28.742273469172854,0,13,4
WC2026_0267,Bosnia and Herzegovina,Uzbekistan,WC-2026,T-08,BIH,8799.914694671237,1572,"Barbarez, Sergej",Sergej Barbarez,20,0,26,26.422471436845154,0,2,0,WC-2026,UZB,UZB,10859.4548236802,1735,"Cannavaro, Fabio",Fabio Cannavaro,6,0,26,28.51166219133365,0,0,0
WC2026_0268,Brazil,Cabo Verde,WC-2026,T-09,BRA,7396.651725397587,1978,"Ancelotti, Carlo",Carlo Ancelotti,10,0,26,29.202758911177803,0,5,0,WC-2026,CPV,CPV,7732.128228517904,1561,"Bubista,",Bubista,59,0,26,29.676407097351657,0,0,0
WC2026_0269,Brazil,Canada,WC-2026,T-09,BRA,7396.651725397587,1978,"Ancelotti, Carlo",Carlo Ancelotti,10,0,26,29.202758911177803,0,5,0,WC-2026,T-12,CAN,0,1802,"Marsch, Jesse",Jesse Marsch,30,0,25,27.103299110198495,0,10,0
WC2026_0270,Brazil,Colombia,WC-2026,T-09,BRA,7396.651725397587,1978,"Ancelotti, Carlo",Carlo Ancelotti,10,0,26,29.202758911177803,0,5,0,WC-2026,T-16,COL,4836.620104090255,1998,"Lorenzo, Néstor",Néstor Lorenzo,44,0,26,30.08929605644185,0,9,5
WC2026_0271,Brazil,Congo DR,WC-2026,T-09,BRA,7396.651725397587,1978,"Ancelotti, Carlo",Carlo Ancelotti,10,0,26,29.202758911177803,0,5,0,WC-2026,COD,COD,13091.613558524405,1657,"Desabre, Sébastien",Sébastien Desabre,46,0,26,29.06870952456168,0,0,0
WC2026_0272,Brazil,Croatia,WC-2026,T-09,BRA,7396.651725397587,1978,"Ancelotti, Carlo",Carlo Ancelotti,10,0,26,29.202758911177803,0,5,0,WC-2026,T-18,HRV,8608.749072206005,1932,"Dalić, Zlatko",Zlatko Dalić,105,2,26,28.328752698362553,0,13,4
WC2026_0273,Brazil,Curacao,WC-2026,T-09,BRA,7396.651725397587,1978,"Ancelotti, Carlo",Carlo Ancelotti,10,0,26,29.202758911177803,0,5,0,WC-2026,CUW,CUW,4359.8095622244355,1466,"Rutten, Fred",Fred Rutten,2,0,26,28.020955088716896,0,0,0
WC2026_0274,Brazil,Czechia,WC-2026,T-09,BRA,7396.651725397587,1978,"Ancelotti, Carlo",Carlo Ancelotti,10,0,26,29.202758911177803,0,5,0,WC-2026,T-20,CZE,8250.286611837133,1731,"Koubek, Miroslav",Miroslav Koubek,2,0,26,27.620807665982205,0,0,0
WC2026_0275,Brazil,Ecuador,WC-2026,T-09,BRA,7396.651725397587,1978,"Ancelotti, Carlo",Carlo Ancelotti,10,0,26,29.202758911177803,0,5,0,WC-2026,T-25,ECU,5050.644388665269,1933,"Beccacece, Sebastián",Sebastián Beccacece,18,0,26,26.07760753961986,0,11,1
WC2026_0276,Brazil,Egypt,WC-2026,T-09,BRA,7396.651725397587,1978,"Ancelotti, Carlo",Carlo Ancelotti,10,0,26,29.202758911177803,0,5,0,WC-2026,T-26,EGY,11013.883086682994,1622,"Hassan, Hossam",Hossam Hassan,28,0,26,29.058916442900017,0,2,0
WC2026_0277,Brazil,England,WC-2026,T-09,BRA,7396.651725397587,1978,"Ancelotti, Carlo",Carlo Ancelotti,10,0,26,29.202758911177803,0,5,0,WC-2026,T-28,ENG,7152.495586801294,2042,"Tuchel, Thomas",Thomas Tuchel,12,0,26,27.144105723161164,0,8,5
WC2026_0278,Brazil,France,WC-2026,T-09,BRA,7396.651725397587,1978,"Ancelotti, Carlo",Carlo Ancelotti,10,0,26,29.202758911177803,0,5,0,WC-2026,T-30,FRA,7714.672685425144,2062,"Deschamps, Didier",Didier Deschamps,174,3,26,27.00100036855684,0,13,3
WC2026_0279,Brazil,Germany,WC-2026,T-09,BRA,7396.651725397587,1978,"Ancelotti, Carlo",Carlo Ancelotti,10,0,26,29.202758911177803,0,5,0,WC-2026,T-31,DEU,7888.05221489964,1910,"Nagelsmann, Julian",Julian Nagelsmann,31,0,26,27.97788658979624,0,9,4
WC2026_0280,Brazil,Ghana,WC-2026,T-09,BRA,7396.651725397587,1978,"Ancelotti, Carlo",Carlo Ancelotti,10,0,26,29.202758911177803,0,5,0,WC-2026,T-32,GHA,10227.032844066958,1509,"Addo, Otto",Otto Addo,34,1,26,26.975201389985784,0,8,1
WC2026_0281,Brazil,Haiti,WC-2026,T-09,BRA,7396.651725397587,1978,"Ancelotti, Carlo",Carlo Ancelotti,10,0,26,29.202758911177803,0,5,0,WC-2026,T-34,HTI,3531.27062289123,1542,"Migné, Sébastien",Sébastien Migné,22,0,26,27.5778444690149,0,0,0
WC2026_0282,Brazil,Iran,WC-2026,T-09,BRA,7396.651725397587,1978,"Ancelotti, Carlo",Carlo Ancelotti,10,0,26,29.202758911177803,0,5,0,WC-2026,T-38,IRN,11560.0244652263,1755,"Ghalenoei, Amir",Amir Ghalenoei,43,0,26,30.3325435686832,0,12,9
WC2026_0283,Brazil,Iraq,WC-2026,T-09,BRA,7396.651725397587,1978,"Ancelotti, Carlo",Carlo Ancelotti,10,0,26,29.202758911177803,0,5,0,WC-2026,T-39,IRQ,11131.48949779042,1582,"Arnold, Graham",Graham Arnold,12,1,26,27.154530616542935,0,0,0
WC2026_0284,Brazil,Ivory Coast,WC-2026,T-09,BRA,7396.651725397587,1978,"Ancelotti, Carlo",Carlo Ancelotti,10,0,26,29.202758911177803,0,5,0,WC-2026,T-42,CIV,9853.150045632055,1627,"Faé, Emerse",Emerse Faé,31,0,26,25.84899699889433,0,0,0
WC2026_0285,Brazil,Japan,WC-2026,T-09,BRA,7396.651725397587,1978,"Ancelotti, Carlo",Carlo Ancelotti,10,0,26,29.202758911177803,0,5,0,WC-2026,T-44,JPN,9562.526814875126,1878,"Moriyasu, Hajime",Hajime Moriyasu,103,1,26,27.750434370557574,0,13,1
WC2026_0286,Brazil,Jordan,WC-2026,T-09,BRA,7396.651725397587,1978,"Ancelotti, Carlo",Carlo Ancelotti,10,0,26,29.202758911177803,0,5,0,WC-2026,JOR,JOR,10984.601901755945,1689,"Sellami, Jamel",Jamel Sellami,29,0,26,28.44416363923551,0,0,0
WC2026_0287,Brazil,Mexico,WC-2026,T-09,BRA,7396.651725397587,1978,"Ancelotti, Carlo",Carlo Ancelotti,10,0,26,29.202758911177803,0,5,0,WC-2026,T-46,MEX,0,1835,"Aguirre, Javier",Javier Aguirre,26,2,26,27.900700257989783,0,10,4
WC2026_0288,Brazil,Morocco,WC-2026,T-09,BRA,7396.651725397587,1978,"Ancelotti, Carlo",Carlo Ancelotti,10,0,26,29.202758911177803,0,5,0,WC-2026,T-47,MAR,8047.458024689145,1840,"Regragui, Walid",Walid Regragui,49,1,26,26.394566419207077,0,9,3
WC2026_0289,Brazil,Netherlands,WC-2026,T-09,BRA,7396.651725397587,1978,"Ancelotti, Carlo",Carlo Ancelotti,10,0,26,29.202758911177803,0,5,0,WC-2026,T-48,NLD,7554.561023407048,1959,"Koeman, Ronald",Ronald Koeman,38,0,26,27.739272363502344,0,11,1
WC2026_0290,Brazil,New Zealand,WC-2026,T-09,BRA,7396.651725397587,1978,"Ancelotti, Carlo",Carlo Ancelotti,10,0,26,29.202758911177803,0,5,0,WC-2026,T-49,NZL,12567.39014190728,1585,"Bazeley, Darren",Darren Bazeley,32,0,26,28.11793818775338,0,2,0
WC2026_0291,Brazil,Norway,WC-2026,T-09,BRA,7396.651725397587,1978,"Ancelotti, Carlo",Carlo Ancelotti,10,0,26,29.202758911177803,0,5,0,WC-2026,T-53,NOR,7116.618664157501,1922,"Solbakken, Ståle",Ståle Solbakken,54,0,26,26.804191017743378,0,0,0
WC2026_0292,Brazil,Panama,WC-2026,T-09,BRA,7396.651725397587,1978,"Ancelotti, Carlo",Carlo Ancelotti,10,0,26,29.202758911177803,0,5,0,WC-2026,T-54,PAN,3966.489606135957,1742,"Christiansen, Thomas",Thomas Christiansen,89,0,26,30.426578213025852,0,5,0
WC2026_0293,Brazil,Paraguay,WC-2026,T-09,BRA,7396.651725397587,1978,"Ancelotti, Carlo",Carlo Ancelotti,10,0,26,29.202758911177803,0,5,0,WC-2026,T-55,PRY,8273.164637737715,1833,"Alfaro, Gustavo",Gustavo Alfaro,19,1,26,29.031011425261937,0,0,0
WC2026_0294,Brazil,Portugal,WC-2026,T-09,BRA,7396.651725397587,1978,"Ancelotti, Carlo",Carlo Ancelotti,10,0,26,29.202758911177803,0,5,0,WC-2026,T-58,PRT,7492.662634275795,1976,"Martínez, Roberto",Roberto Martínez,38,2,26,28.035276154372664,0,14,3
WC2026_0295,Brazil,Qatar,WC-2026,T-09,BRA,7396.651725397587,1978,"Ancelotti, Carlo",Carlo Ancelotti,10,0,26,29.202758911177803,0,5,0,WC-2026,T-59,QAT,12201.51654796983,1425,Unknown,Unknown,0,0,26,29.507713368082975,0,12,0
WC2026_0296,Brazil,Saudi Arabia,WC-2026,T-09,BRA,7396.651725397587,1978,"Ancelotti, Carlo",Carlo Ancelotti,10,0,26,29.202758911177803,0,5,0,WC-2026,T-63,SAU,11783.518070291611,1592,"Renard, Hervé",Hervé Renard,71,2,26,28.5160848733744,0,9,3
WC2026_0297,Brazil,Scotland,WC-2026,T-09,BRA,7396.651725397587,1978,"Ancelotti, Carlo",Carlo Ancelotti,10,0,26,29.202758911177803,0,5,0,WC-2026,T-64,SCO,6752.840415840782,1790,"Clarke, Stevie",Stevie Clarke,76,0,26,29.20244300531775,0,0,0
WC2026_0298,Brazil,Senegal,WC-2026,T-09,BRA,7396.651725397587,1978,"Ancelotti, Carlo",Carlo Ancelotti,10,0,26,29.202758911177803,0,5,0,WC-2026,T-65,SEN,8646.942720200805,1807,"Thiaw, Pape",Pape Thiaw,37,0,26,27.087242668351497,0,13,3
WC2026_0299,Brazil,South Africa,WC-2026,T-09,BRA,7396.651725397587,1978,"Ancelotti, Carlo",Carlo Ancelotti,10,0,26,29.202758911177803,0,5,0,WC-2026,T-70,ZAF,14937.12069749442,1550,"Broos, Hugo",Hugo Broos,55,0,26,26.808403095877427,0,0,0
WC2026_0300,Brazil,South Korea,WC-2026,T-09,BRA,7396.651725397587,1978,"Ancelotti, Carlo",Carlo Ancelotti,10,0,26,29.202758911177803,0,5,0,WC-2026,T-71,KOR,10196.189406281635,1784,"Hong, Myung-Bo",Myung-Bo Hong,21,1,26,28.06570841889117,0,6,0
WC2026_0301,Brazil,Spain,WC-2026,T-09,BRA,7396.651725397587,1978,"Ancelotti, Carlo",Carlo Ancelotti,10,0,26,29.202758911177803,0,5,0,WC-2026,T-73,ESP,7746.922852806779,2172,"de La Fuente, Luis",Luis de La Fuente,40,0,26,26.747433264887064,0,6,0
WC2026_0302,Brazil,Sweden,WC-2026,T-09,BRA,7396.651725397587,1978,"Ancelotti, Carlo",Carlo Ancelotti,10,0,26,29.202758911177803,0,5,0,WC-2026,T-74,SWE,7465.038363914989,1660,"Potter, Graham",Graham Potter,4,0,26,27.557099984204708,0,1,0
WC2026_0303,Brazil,Switzerland,WC-2026,T-09,BRA,7396.651725397587,1978,"Ancelotti, Carlo",Carlo Ancelotti,10,0,26,29.202758911177803,0,5,0,WC-2026,T-75,CHE,8079.837758395281,1897,"Yakın, Murat",Murat Yakın,57,1,26,28.3070604959722,0,15,4
WC2026_0304,Brazil,Tunisia,WC-2026,T-09,BRA,7396.651725397587,1978,"Ancelotti, Carlo",Carlo Ancelotti,10,0,26,29.202758911177803,0,5,0,WC-2026,T-79,TUN,9114.63766930202,1615,"Trabelsi, Sami",Sami Trabelsi,19,0,26,26.64465855841626,0,7,2
WC2026_0305,Brazil,Turkey,WC-2026,T-09,BRA,7396.651725397587,1978,"Ancelotti, Carlo",Carlo Ancelotti,10,0,26,29.202758911177803,0,5,0,WC-2026,T-80,TUR,10136.436627879562,1880,"Montella, Vincenzo",Vincenzo Montella,31,0,26,27.672195019217607,0,0,0
WC2026_0306,Brazil,United States,WC-2026,T-09,BRA,7396.651725397587,1978,"Ancelotti, Carlo",Carlo Ancelotti,10,0,26,29.202758911177803,0,5,0,WC-2026,T-83,USA,0,1747,"Pochettino, Mauricio",Mauricio Pochettino,24,0,26,26.90496498710051,0,11,0
WC2026_0307,Brazil,Uruguay,WC-2026,T-09,BRA,7396.651725397587,1978,"Ancelotti, Carlo",Carlo Ancelotti,10,0,26,29.202758911177803,0,5,0,WC-2026,T-84,URY,9282.411359256475,1890,"Bielsa, Marcelo",Marcelo Bielsa,34,2,26,28.742273469172854,0,13,4
WC2026_0308,Brazil,Uzbekistan,WC-2026,T-09,BRA,7396.651725397587,1978,"Ancelotti, Carlo",Carlo Ancelotti,10,0,26,29.202758911177803,0,5,0,WC-2026,UZB,UZB,10859.4548236802,1735,"Cannavaro, Fabio",Fabio Cannavaro,6,0,26,28.51166219133365,0,0,0
WC2026_0309,Cabo Verde,Canada,WC-2026,CPV,CPV,7732.128228517904,1561,"Bubista,",Bubista,59,0,26,29.676407097351657,0,0,0,WC-2026,T-12,CAN,0,1802,"Marsch, Jesse",Jesse Marsch,30,0,25,27.103299110198495,0,10,0
WC2026_0310,Cabo Verde,Colombia,WC-2026,CPV,CPV,7732.128228517904,1561,"Bubista,",Bubista,59,0,26,29.676407097351657,0,0,0,WC-2026,T-16,COL,4836.620104090255,1998,"Lorenzo, Néstor",Néstor Lorenzo,44,0,26,30.08929605644185,0,9,5
WC2026_0311,Cabo Verde,Congo DR,WC-2026,CPV,CPV,7732.128228517904,1561,"Bubista,",Bubista,59,0,26,29.676407097351657,0,0,0,WC-2026,COD,COD,13091.613558524405,1657,"Desabre, Sébastien",Sébastien Desabre,46,0,26,29.06870952456168,0,0,0
WC2026_0312,Cabo Verde,Croatia,WC-2026,CPV,CPV,7732.128228517904,1561,"Bubista,",Bubista,59,0,26,29.676407097351657,0,0,0,WC-2026,T-18,HRV,8608.749072206005,1932,"Dalić, Zlatko",Zlatko Dalić,105,2,26,28.328752698362553,0,13,4
WC2026_0313,Cabo Verde,Curacao,WC-2026,CPV,CPV,7732.128228517904,1561,"Bubista,",Bubista,59,0,26,29.676407097351657,0,0,0,WC-2026,CUW,CUW,4359.8095622244355,1466,"Rutten, Fred",Fred Rutten,2,0,26,28.020955088716896,0,0,0
WC2026_0314,Cabo Verde,Czechia,WC-2026,CPV,CPV,7732.128228517904,1561,"Bubista,",Bubista,59,0,26,29.676407097351657,0,0,0,WC-2026,T-20,CZE,8250.286611837133,1731,"Koubek, Miroslav",Miroslav Koubek,2,0,26,27.620807665982205,0,0,0
WC2026_0315,Cabo Verde,Ecuador,WC-2026,CPV,CPV,7732.128228517904,1561,"Bubista,",Bubista,59,0,26,29.676407097351657,0,0,0,WC-2026,T-25,ECU,5050.644388665269,1933,"Beccacece, Sebastián",Sebastián Beccacece,18,0,26,26.07760753961986,0,11,1
WC2026_0316,Cabo Verde,Egypt,WC-2026,CPV,CPV,7732.128228517904,1561,"Bubista,",Bubista,59,0,26,29.676407097351657,0,0,0,WC-2026,T-26,EGY,11013.883086682994,1622,"Hassan, Hossam",Hossam Hassan,28,0,26,29.058916442900017,0,2,0
WC2026_0317,Cabo Verde,England,WC-2026,CPV,CPV,7732.128228517904,1561,"Bubista,",Bubista,59,0,26,29.676407097351657,0,0,0,WC-2026,T-28,ENG,7152.495586801294,2042,"Tuchel, Thomas",Thomas Tuchel,12,0,26,27.144105723161164,0,8,5
WC2026_0318,Cabo Verde,France,WC-2026,CPV,CPV,7732.128228517904,1561,"Bubista,",Bubista,59,0,26,29.676407097351657,0,0,0,WC-2026,T-30,FRA,7714.672685425144,2062,"Deschamps, Didier",Didier Deschamps,174,3,26,27.00100036855684,0,13,3
WC2026_0319,Cabo Verde,Germany,WC-2026,CPV,CPV,7732.128228517904,1561,"Bubista,",Bubista,59,0,26,29.676407097351657,0,0,0,WC-2026,T-31,DEU,7888.05221489964,1910,"Nagelsmann, Julian",Julian Nagelsmann,31,0,26,27.97788658979624,0,9,4
WC2026_0320,Cabo Verde,Ghana,WC-2026,CPV,CPV,7732.128228517904,1561,"Bubista,",Bubista,59,0,26,29.676407097351657,0,0,0,WC-2026,T-32,GHA,10227.032844066958,1509,"Addo, Otto",Otto Addo,34,1,26,26.975201389985784,0,8,1
WC2026_0321,Cabo Verde,Haiti,WC-2026,CPV,CPV,7732.128228517904,1561,"Bubista,",Bubista,59,0,26,29.676407097351657,0,0,0,WC-2026,T-34,HTI,3531.27062289123,1542,"Migné, Sébastien",Sébastien Migné,22,0,26,27.5778444690149,0,0,0
WC2026_0322,Cabo Verde,Iran,WC-2026,CPV,CPV,7732.128228517904,1561,"Bubista,",Bubista,59,0,26,29.676407097351657,0,0,0,WC-2026,T-38,IRN,11560.0244652263,1755,"Ghalenoei, Amir",Amir Ghalenoei,43,0,26,30.3325435686832,0,12,9
WC2026_0323,Cabo Verde,Iraq,WC-2026,CPV,CPV,7732.128228517904,1561,"Bubista,",Bubista,59,0,26,29.676407097351657,0,0,0,WC-2026,T-39,IRQ,11131.48949779042,1582,"Arnold, Graham",Graham Arnold,12,1,26,27.154530616542935,0,0,0
WC2026_0324,Cabo Verde,Ivory Coast,WC-2026,CPV,CPV,7732.128228517904,1561,"Bubista,",Bubista,59,0,26,29.676407097351657,0,0,0,WC-2026,T-42,CIV,9853.150045632055,1627,"Faé, Emerse",Emerse Faé,31,0,26,25.84899699889433,0,0,0
WC2026_0325,Cabo Verde,Japan,WC-2026,CPV,CPV,7732.128228517904,1561,"Bubista,",Bubista,59,0,26,29.676407097351657,0,0,0,WC-2026,T-44,JPN,9562.526814875126,1878,"Moriyasu, Hajime",Hajime Moriyasu,103,1,26,27.750434370557574,0,13,1
WC2026_0326,Cabo Verde,Jordan,WC-2026,CPV,CPV,7732.128228517904,1561,"Bubista,",Bubista,59,0,26,29.676407097351657,0,0,0,WC-2026,JOR,JOR,10984.601901755945,1689,"Sellami, Jamel",Jamel Sellami,29,0,26,28.44416363923551,0,0,0
WC2026_0327,Cabo Verde,Mexico,WC-2026,CPV,CPV,7732.128228517904,1561,"Bubista,",Bubista,59,0,26,29.676407097351657,0,0,0,WC-2026,T-46,MEX,0,1835,"Aguirre, Javier",Javier Aguirre,26,2,26,27.900700257989783,0,10,4
WC2026_0328,Cabo Verde,Morocco,WC-2026,CPV,CPV,7732.128228517904,1561,"Bubista,",Bubista,59,0,26,29.676407097351657,0,0,0,WC-2026,T-47,MAR,8047.458024689145,1840,"Regragui, Walid",Walid Regragui,49,1,26,26.394566419207077,0,9,3
WC2026_0329,Cabo Verde,Netherlands,WC-2026,CPV,CPV,7732.128228517904,1561,"Bubista,",Bubista,59,0,26,29.676407097351657,0,0,0,WC-2026,T-48,NLD,7554.561023407048,1959,"Koeman, Ronald",Ronald Koeman,38,0,26,27.739272363502344,0,11,1
WC2026_0330,Cabo Verde,New Zealand,WC-2026,CPV,CPV,7732.128228517904,1561,"Bubista,",Bubista,59,0,26,29.676407097351657,0,0,0,WC-2026,T-49,NZL,12567.39014190728,1585,"Bazeley, Darren",Darren Bazeley,32,0,26,28.11793818775338,0,2,0
WC2026_0331,Cabo Verde,Norway,WC-2026,CPV,CPV,7732.128228517904,1561,"Bubista,",Bubista,59,0,26,29.676407097351657,0,0,0,WC-2026,T-53,NOR,7116.618664157501,1922,"Solbakken, Ståle",Ståle Solbakken,54,0,26,26.804191017743378,0,0,0
WC2026_0332,Cabo Verde,Panama,WC-2026,CPV,CPV,7732.128228517904,1561,"Bubista,",Bubista,59,0,26,29.676407097351657,0,0,0,WC-2026,T-54,PAN,3966.489606135957,1742,"Christiansen, Thomas",Thomas Christiansen,89,0,26,30.426578213025852,0,5,0
WC2026_0333,Cabo Verde,Paraguay,WC-2026,CPV,CPV,7732.128228517904,1561,"Bubista,",Bubista,59,0,26,29.676407097351657,0,0,0,WC-2026,T-55,PRY,8273.164637737715,1833,"Alfaro, Gustavo",Gustavo Alfaro,19,1,26,29.031011425261937,0,0,0
WC2026_0334,Cabo Verde,Portugal,WC-2026,CPV,CPV,7732.128228517904,1561,"Bubista,",Bubista,59,0,26,29.676407097351657,0,0,0,WC-2026,T-58,PRT,7492.662634275795,1976,"Martínez, Roberto",Roberto Martínez,38,2,26,28.035276154372664,0,14,3
WC2026_0335,Cabo Verde,Qatar,WC-2026,CPV,CPV,7732.128228517904,1561,"Bubista,",Bubista,59,0,26,29.676407097351657,0,0,0,WC-2026,T-59,QAT,12201.51654796983,1425,Unknown,Unknown,0,0,26,29.507713368082975,0,12,0
WC2026_0336,Cabo Verde,Saudi Arabia,WC-2026,CPV,CPV,7732.128228517904,1561,"Bubista,",Bubista,59,0,26,29.676407097351657,0,0,0,WC-2026,T-63,SAU,11783.518070291611,1592,"Renard, Hervé",Hervé Renard,71,2,26,28.5160848733744,0,9,3
WC2026_0337,Cabo Verde,Scotland,WC-2026,CPV,CPV,7732.128228517904,1561,"Bubista,",Bubista,59,0,26,29.676407097351657,0,0,0,WC-2026,T-64,SCO,6752.840415840782,1790,"Clarke, Stevie",Stevie Clarke,76,0,26,29.20244300531775,0,0,0
WC2026_0338,Cabo Verde,Senegal,WC-2026,CPV,CPV,7732.128228517904,1561,"Bubista,",Bubista,59,0,26,29.676407097351657,0,0,0,WC-2026,T-65,SEN,8646.942720200805,1807,"Thiaw, Pape",Pape Thiaw,37,0,26,27.087242668351497,0,13,3
WC2026_0339,Cabo Verde,South Africa,WC-2026,CPV,CPV,7732.128228517904,1561,"Bubista,",Bubista,59,0,26,29.676407097351657,0,0,0,WC-2026,T-70,ZAF,14937.12069749442,1550,"Broos, Hugo",Hugo Broos,55,0,26,26.808403095877427,0,0,0
WC2026_0340,Cabo Verde,South Korea,WC-2026,CPV,CPV,7732.128228517904,1561,"Bubista,",Bubista,59,0,26,29.676407097351657,0,0,0,WC-2026,T-71,KOR,10196.189406281635,1784,"Hong, Myung-Bo",Myung-Bo Hong,21,1,26,28.06570841889117,0,6,0
WC2026_0341,Cabo Verde,Spain,WC-2026,CPV,CPV,7732.128228517904,1561,"Bubista,",Bubista,59,0,26,29.676407097351657,0,0,0,WC-2026,T-73,ESP,7746.922852806779,2172,"de La Fuente, Luis",Luis de La Fuente,40,0,26,26.747433264887064,0,6,0
WC2026_0342,Cabo Verde,Sweden,WC-2026,CPV,CPV,7732.128228517904,1561,"Bubista,",Bubista,59,0,26,29.676407097351657,0,0,0,WC-2026,T-74,SWE,7465.038363914989,1660,"Potter, Graham",Graham Potter,4,0,26,27.557099984204708,0,1,0
WC2026_0343,Cabo Verde,Switzerland,WC-2026,CPV,CPV,7732.128228517904,1561,"Bubista,",Bubista,59,0,26,29.676407097351657,0,0,0,WC-2026,T-75,CHE,8079.837758395281,1897,"Yakın, Murat",Murat Yakın,57,1,26,28.3070604959722,0,15,4
WC2026_0344,Cabo Verde,Tunisia,WC-2026,CPV,CPV,7732.128228517904,1561,"Bubista,",Bubista,59,0,26,29.676407097351657,0,0,0,WC-2026,T-79,TUN,9114.63766930202,1615,"Trabelsi, Sami",Sami Trabelsi,19,0,26,26.64465855841626,0,7,2
WC2026_0345,Cabo Verde,Turkey,WC-2026,CPV,CPV,7732.128228517904,1561,"Bubista,",Bubista,59,0,26,29.676407097351657,0,0,0,WC-2026,T-80,TUR,10136.436627879562,1880,"Montella, Vincenzo",Vincenzo Montella,31,0,26,27.672195019217607,0,0,0
WC2026_0346,Cabo Verde,United States,WC-2026,CPV,CPV,7732.128228517904,1561,"Bubista,",Bubista,59,0,26,29.676407097351657,0,0,0,WC-2026,T-83,USA,0,1747,"Pochettino, Mauricio",Mauricio Pochettino,24,0,26,26.90496498710051,0,11,0
WC2026_0347,Cabo Verde,Uruguay,WC-2026,CPV,CPV,7732.128228517904,1561,"Bubista,",Bubista,59,0,26,29.676407097351657,0,0,0,WC-2026,T-84,URY,9282.411359256475,1890,"Bielsa, Marcelo",Marcelo Bielsa,34,2,26,28.742273469172854,0,13,4
WC2026_0348,Cabo Verde,Uzbekistan,WC-2026,CPV,CPV,7732.128228517904,1561,"Bubista,",Bubista,59,0,26,29.676407097351657,0,0,0,WC-2026,UZB,UZB,10859.4548236802,1735,"Cannavaro, Fabio",Fabio Cannavaro,6,0,26,28.51166219133365,0,0,0
WC2026_0349,Canada,Colombia,WC-2026,T-12,CAN,0,1802,"Marsch, Jesse",Jesse Marsch,30,0,25,27.103299110198495,0,10,0,WC-2026,T-16,COL,4836.620104090255,1998,"Lorenzo, Néstor",Néstor Lorenzo,44,0,26,30.08929605644185,0,9,5
WC2026_0350,Canada,Congo DR,WC-2026,T-12,CAN,0,1802,"Marsch, Jesse",Jesse Marsch,30,0,25,27.103299110198495,0,10,0,WC-2026,COD,COD,13091.613558524405,1657,"Desabre, Sébastien",Sébastien Desabre,46,0,26,29.06870952456168,0,0,0
WC2026_0351,Canada,Croatia,WC-2026,T-12,CAN,0,1802,"Marsch, Jesse",Jesse Marsch,30,0,25,27.103299110198495,0,10,0,WC-2026,T-18,HRV,8608.749072206005,1932,"Dalić, Zlatko",Zlatko Dalić,105,2,26,28.328752698362553,0,13,4
WC2026_0352,Canada,Curacao,WC-2026,T-12,CAN,0,1802,"Marsch, Jesse",Jesse Marsch,30,0,25,27.103299110198495,0,10,0,WC-2026,CUW,CUW,4359.8095622244355,1466,"Rutten, Fred",Fred Rutten,2,0,26,28.020955088716896,0,0,0
WC2026_0353,Canada,Czechia,WC-2026,T-12,CAN,0,1802,"Marsch, Jesse",Jesse Marsch,30,0,25,27.103299110198495,0,10,0,WC-2026,T-20,CZE,8250.286611837133,1731,"Koubek, Miroslav",Miroslav Koubek,2,0,26,27.620807665982205,0,0,0
WC2026_0354,Canada,Ecuador,WC-2026,T-12,CAN,0,1802,"Marsch, Jesse",Jesse Marsch,30,0,25,27.103299110198495,0,10,0,WC-2026,T-25,ECU,5050.644388665269,1933,"Beccacece, Sebastián",Sebastián Beccacece,18,0,26,26.07760753961986,0,11,1
WC2026_0355,Canada,Egypt,WC-2026,T-12,CAN,0,1802,"Marsch, Jesse",Jesse Marsch,30,0,25,27.103299110198495,0,10,0,WC-2026,T-26,EGY,11013.883086682994,1622,"Hassan, Hossam",Hossam Hassan,28,0,26,29.058916442900017,0,2,0
WC2026_0356,Canada,England,WC-2026,T-12,CAN,0,1802,"Marsch, Jesse",Jesse Marsch,30,0,25,27.103299110198495,0,10,0,WC-2026,T-28,ENG,7152.495586801294,2042,"Tuchel, Thomas",Thomas Tuchel,12,0,26,27.144105723161164,0,8,5
WC2026_0357,Canada,France,WC-2026,T-12,CAN,0,1802,"Marsch, Jesse",Jesse Marsch,30,0,25,27.103299110198495,0,10,0,WC-2026,T-30,FRA,7714.672685425144,2062,"Deschamps, Didier",Didier Deschamps,174,3,26,27.00100036855684,0,13,3
WC2026_0358,Canada,Germany,WC-2026,T-12,CAN,0,1802,"Marsch, Jesse",Jesse Marsch,30,0,25,27.103299110198495,0,10,0,WC-2026,T-31,DEU,7888.05221489964,1910,"Nagelsmann, Julian",Julian Nagelsmann,31,0,26,27.97788658979624,0,9,4
WC2026_0359,Canada,Ghana,WC-2026,T-12,CAN,0,1802,"Marsch, Jesse",Jesse Marsch,30,0,25,27.103299110198495,0,10,0,WC-2026,T-32,GHA,10227.032844066958,1509,"Addo, Otto",Otto Addo,34,1,26,26.975201389985784,0,8,1
WC2026_0360,Canada,Haiti,WC-2026,T-12,CAN,0,1802,"Marsch, Jesse",Jesse Marsch,30,0,25,27.103299110198495,0,10,0,WC-2026,T-34,HTI,3531.27062289123,1542,"Migné, Sébastien",Sébastien Migné,22,0,26,27.5778444690149,0,0,0
WC2026_0361,Canada,Iran,WC-2026,T-12,CAN,0,1802,"Marsch, Jesse",Jesse Marsch,30,0,25,27.103299110198495,0,10,0,WC-2026,T-38,IRN,11560.0244652263,1755,"Ghalenoei, Amir",Amir Ghalenoei,43,0,26,30.3325435686832,0,12,9
WC2026_0362,Canada,Iraq,WC-2026,T-12,CAN,0,1802,"Marsch, Jesse",Jesse Marsch,30,0,25,27.103299110198495,0,10,0,WC-2026,T-39,IRQ,11131.48949779042,1582,"Arnold, Graham",Graham Arnold,12,1,26,27.154530616542935,0,0,0
WC2026_0363,Canada,Ivory Coast,WC-2026,T-12,CAN,0,1802,"Marsch, Jesse",Jesse Marsch,30,0,25,27.103299110198495,0,10,0,WC-2026,T-42,CIV,9853.150045632055,1627,"Faé, Emerse",Emerse Faé,31,0,26,25.84899699889433,0,0,0
WC2026_0364,Canada,Japan,WC-2026,T-12,CAN,0,1802,"Marsch, Jesse",Jesse Marsch,30,0,25,27.103299110198495,0,10,0,WC-2026,T-44,JPN,9562.526814875126,1878,"Moriyasu, Hajime",Hajime Moriyasu,103,1,26,27.750434370557574,0,13,1
WC2026_0365,Canada,Jordan,WC-2026,T-12,CAN,0,1802,"Marsch, Jesse",Jesse Marsch,30,0,25,27.103299110198495,0,10,0,WC-2026,JOR,JOR,10984.601901755945,1689,"Sellami, Jamel",Jamel Sellami,29,0,26,28.44416363923551,0,0,0
WC2026_0366,Canada,Mexico,WC-2026,T-12,CAN,0,1802,"Marsch, Jesse",Jesse Marsch,30,0,25,27.103299110198495,0,10,0,WC-2026,T-46,MEX,0,1835,"Aguirre, Javier",Javier Aguirre,26,2,26,27.900700257989783,0,10,4
WC2026_0367,Canada,Morocco,WC-2026,T-12,CAN,0,1802,"Marsch, Jesse",Jesse Marsch,30,0,25,27.103299110198495,0,10,0,WC-2026,T-47,MAR,8047.458024689145,1840,"Regragui, Walid",Walid Regragui,49,1,26,26.394566419207077,0,9,3
WC2026_0368,Canada,Netherlands,WC-2026,T-12,CAN,0,1802,"Marsch, Jesse",Jesse Marsch,30,0,25,27.103299110198495,0,10,0,WC-2026,T-48,NLD,7554.561023407048,1959,"Koeman, Ronald",Ronald Koeman,38,0,26,27.739272363502344,0,11,1
WC2026_0369,Canada,New Zealand,WC-2026,T-12,CAN,0,1802,"Marsch, Jesse",Jesse Marsch,30,0,25,27.103299110198495,0,10,0,WC-2026,T-49,NZL,12567.39014190728,1585,"Bazeley, Darren",Darren Bazeley,32,0,26,28.11793818775338,0,2,0
WC2026_0370,Canada,Norway,WC-2026,T-12,CAN,0,1802,"Marsch, Jesse",Jesse Marsch,30,0,25,27.103299110198495,0,10,0,WC-2026,T-53,NOR,7116.618664157501,1922,"Solbakken, Ståle",Ståle Solbakken,54,0,26,26.804191017743378,0,0,0
WC2026_0371,Canada,Panama,WC-2026,T-12,CAN,0,1802,"Marsch, Jesse",Jesse Marsch,30,0,25,27.103299110198495,0,10,0,WC-2026,T-54,PAN,3966.489606135957,1742,"Christiansen, Thomas",Thomas Christiansen,89,0,26,30.426578213025852,0,5,0
WC2026_0372,Canada,Paraguay,WC-2026,T-12,CAN,0,1802,"Marsch, Jesse",Jesse Marsch,30,0,25,27.103299110198495,0,10,0,WC-2026,T-55,PRY,8273.164637737715,1833,"Alfaro, Gustavo",Gustavo Alfaro,19,1,26,29.031011425261937,0,0,0
WC2026_0373,Canada,Portugal,WC-2026,T-12,CAN,0,1802,"Marsch, Jesse",Jesse Marsch,30,0,25,27.103299110198495,0,10,0,WC-2026,T-58,PRT,7492.662634275795,1976,"Martínez, Roberto",Roberto Martínez,38,2,26,28.035276154372664,0,14,3
WC2026_0374,Canada,Qatar,WC-2026,T-12,CAN,0,1802,"Marsch, Jesse",Jesse Marsch,30,0,25,27.103299110198495,0,10,0,WC-2026,T-59,QAT,12201.51654796983,1425,Unknown,Unknown,0,0,26,29.507713368082975,0,12,0
WC2026_0375,Canada,Saudi Arabia,WC-2026,T-12,CAN,0,1802,"Marsch, Jesse",Jesse Marsch,30,0,25,27.103299110198495,0,10,0,WC-2026,T-63,SAU,11783.518070291611,1592,"Renard, Hervé",Hervé Renard,71,2,26,28.5160848733744,0,9,3
WC2026_0376,Canada,Scotland,WC-2026,T-12,CAN,0,1802,"Marsch, Jesse",Jesse Marsch,30,0,25,27.103299110198495,0,10,0,WC-2026,T-64,SCO,6752.840415840782,1790,"Clarke, Stevie",Stevie Clarke,76,0,26,29.20244300531775,0,0,0
WC2026_0377,Canada,Senegal,WC-2026,T-12,CAN,0,1802,"Marsch, Jesse",Jesse Marsch,30,0,25,27.103299110198495,0,10,0,WC-2026,T-65,SEN,8646.942720200805,1807,"Thiaw, Pape",Pape Thiaw,37,0,26,27.087242668351497,0,13,3
WC2026_0378,Canada,South Africa,WC-2026,T-12,CAN,0,1802,"Marsch, Jesse",Jesse Marsch,30,0,25,27.103299110198495,0,10,0,WC-2026,T-70,ZAF,14937.12069749442,1550,"Broos, Hugo",Hugo Broos,55,0,26,26.808403095877427,0,0,0
WC2026_0379,Canada,South Korea,WC-2026,T-12,CAN,0,1802,"Marsch, Jesse",Jesse Marsch,30,0,25,27.103299110198495,0,10,0,WC-2026,T-71,KOR,10196.189406281635,1784,"Hong, Myung-Bo",Myung-Bo Hong,21,1,26,28.06570841889117,0,6,0
WC2026_0380,Canada,Spain,WC-2026,T-12,CAN,0,1802,"Marsch, Jesse",Jesse Marsch,30,0,25,27.103299110198495,0,10,0,WC-2026,T-73,ESP,7746.922852806779,2172,"de La Fuente, Luis",Luis de La Fuente,40,0,26,26.747433264887064,0,6,0
WC2026_0381,Canada,Sweden,WC-2026,T-12,CAN,0,1802,"Marsch, Jesse",Jesse Marsch,30,0,25,27.103299110198495,0,10,0,WC-2026,T-74,SWE,7465.038363914989,1660,"Potter, Graham",Graham Potter,4,0,26,27.557099984204708,0,1,0
WC2026_0382,Canada,Switzerland,WC-2026,T-12,CAN,0,1802,"Marsch, Jesse",Jesse Marsch,30,0,25,27.103299110198495,0,10,0,WC-2026,T-75,CHE,8079.837758395281,1897,"Yakın, Murat",Murat Yakın,57,1,26,28.3070604959722,0,15,4
WC2026_0383,Canada,Tunisia,WC-2026,T-12,CAN,0,1802,"Marsch, Jesse",Jesse Marsch,30,0,25,27.103299110198495,0,10,0,WC-2026,T-79,TUN,9114.63766930202,1615,"Trabelsi, Sami",Sami Trabelsi,19,0,26,26.64465855841626,0,7,2
WC2026_0384,Canada,Turkey,WC-2026,T-12,CAN,0,1802,"Marsch, Jesse",Jesse Marsch,30,0,25,27.103299110198495,0,10,0,WC-2026,T-80,TUR,10136.436627879562,1880,"Montella, Vincenzo",Vincenzo Montella,31,0,26,27.672195019217607,0,0,0
WC2026_0385,Canada,United States,WC-2026,T-12,CAN,0,1802,"Marsch, Jesse",Jesse Marsch,30,0,25,27.103299110198495,0,10,0,WC-2026,T-83,USA,0,1747,"Pochettino, Mauricio",Mauricio Pochettino,24,0,26,26.90496498710051,0,11,0
WC2026_0386,Canada,Uruguay,WC-2026,T-12,CAN,0,1802,"Marsch, Jesse",Jesse Marsch,30,0,25,27.103299110198495,0,10,0,WC-2026,T-84,URY,9282.411359256475,1890,"Bielsa, Marcelo",Marcelo Bielsa,34,2,26,28.742273469172854,0,13,4
WC2026_0387,Canada,Uzbekistan,WC-2026,T-12,CAN,0,1802,"Marsch, Jesse",Jesse Marsch,30,0,25,27.103299110198495,0,10,0,WC-2026,UZB,UZB,10859.4548236802,1735,"Cannavaro, Fabio",Fabio Cannavaro,6,0,26,28.51166219133365,0,0,0
WC2026_0388,Colombia,Congo DR,WC-2026,T-16,COL,4836.620104090255,1998,"Lorenzo, Néstor",Néstor Lorenzo,44,0,26,30.08929605644185,0,9,5,WC-2026,COD,COD,13091.613558524405,1657,"Desabre, Sébastien",Sébastien Desabre,46,0,26,29.06870952456168,0,0,0
WC2026_0389,Colombia,Croatia,WC-2026,T-16,COL,4836.620104090255,1998,"Lorenzo, Néstor",Néstor Lorenzo,44,0,26,30.08929605644185,0,9,5,WC-2026,T-18,HRV,8608.749072206005,1932,"Dalić, Zlatko",Zlatko Dalić,105,2,26,28.328752698362553,0,13,4
WC2026_0390,Colombia,Curacao,WC-2026,T-16,COL,4836.620104090255,1998,"Lorenzo, Néstor",Néstor Lorenzo,44,0,26,30.08929605644185,0,9,5,WC-2026,CUW,CUW,4359.8095622244355,1466,"Rutten, Fred",Fred Rutten,2,0,26,28.020955088716896,0,0,0
WC2026_0391,Colombia,Czechia,WC-2026,T-16,COL,4836.620104090255,1998,"Lorenzo, Néstor",Néstor Lorenzo,44,0,26,30.08929605644185,0,9,5,WC-2026,T-20,CZE,8250.286611837133,1731,"Koubek, Miroslav",Miroslav Koubek,2,0,26,27.620807665982205,0,0,0
WC2026_0392,Colombia,Ecuador,WC-2026,T-16,COL,4836.620104090255,1998,"Lorenzo, Néstor",Néstor Lorenzo,44,0,26,30.08929605644185,0,9,5,WC-2026,T-25,ECU,5050.644388665269,1933,"Beccacece, Sebastián",Sebastián Beccacece,18,0,26,26.07760753961986,0,11,1
WC2026_0393,Colombia,Egypt,WC-2026,T-16,COL,4836.620104090255,1998,"Lorenzo, Néstor",Néstor Lorenzo,44,0,26,30.08929605644185,0,9,5,WC-2026,T-26,EGY,11013.883086682994,1622,"Hassan, Hossam",Hossam Hassan,28,0,26,29.058916442900017,0,2,0
WC2026_0394,Colombia,England,WC-2026,T-16,COL,4836.620104090255,1998,"Lorenzo, Néstor",Néstor Lorenzo,44,0,26,30.08929605644185,0,9,5,WC-2026,T-28,ENG,7152.495586801294,2042,"Tuchel, Thomas",Thomas Tuchel,12,0,26,27.144105723161164,0,8,5
WC2026_0395,Colombia,France,WC-2026,T-16,COL,4836.620104090255,1998,"Lorenzo, Néstor",Néstor Lorenzo,44,0,26,30.08929605644185,0,9,5,WC-2026,T-30,FRA,7714.672685425144,2062,"Deschamps, Didier",Didier Deschamps,174,3,26,27.00100036855684,0,13,3
WC2026_0396,Colombia,Germany,WC-2026,T-16,COL,4836.620104090255,1998,"Lorenzo, Néstor",Néstor Lorenzo,44,0,26,30.08929605644185,0,9,5,WC-2026,T-31,DEU,7888.05221489964,1910,"Nagelsmann, Julian",Julian Nagelsmann,31,0,26,27.97788658979624,0,9,4
WC2026_0397,Colombia,Ghana,WC-2026,T-16,COL,4836.620104090255,1998,"Lorenzo, Néstor",Néstor Lorenzo,44,0,26,30.08929605644185,0,9,5,WC-2026,T-32,GHA,10227.032844066958,1509,"Addo, Otto",Otto Addo,34,1,26,26.975201389985784,0,8,1
WC2026_0398,Colombia,Haiti,WC-2026,T-16,COL,4836.620104090255,1998,"Lorenzo, Néstor",Néstor Lorenzo,44,0,26,30.08929605644185,0,9,5,WC-2026,T-34,HTI,3531.27062289123,1542,"Migné, Sébastien",Sébastien Migné,22,0,26,27.5778444690149,0,0,0
WC2026_0399,Colombia,Iran,WC-2026,T-16,COL,4836.620104090255,1998,"Lorenzo, Néstor",Néstor Lorenzo,44,0,26,30.08929605644185,0,9,5,WC-2026,T-38,IRN,11560.0244652263,1755,"Ghalenoei, Amir",Amir Ghalenoei,43,0,26,30.3325435686832,0,12,9
WC2026_0400,Colombia,Iraq,WC-2026,T-16,COL,4836.620104090255,1998,"Lorenzo, Néstor",Néstor Lorenzo,44,0,26,30.08929605644185,0,9,5,WC-2026,T-39,IRQ,11131.48949779042,1582,"Arnold, Graham",Graham Arnold,12,1,26,27.154530616542935,0,0,0
WC2026_0401,Colombia,Ivory Coast,WC-2026,T-16,COL,4836.620104090255,1998,"Lorenzo, Néstor",Néstor Lorenzo,44,0,26,30.08929605644185,0,9,5,WC-2026,T-42,CIV,9853.150045632055,1627,"Faé, Emerse",Emerse Faé,31,0,26,25.84899699889433,0,0,0
WC2026_0402,Colombia,Japan,WC-2026,T-16,COL,4836.620104090255,1998,"Lorenzo, Néstor",Néstor Lorenzo,44,0,26,30.08929605644185,0,9,5,WC-2026,T-44,JPN,9562.526814875126,1878,"Moriyasu, Hajime",Hajime Moriyasu,103,1,26,27.750434370557574,0,13,1
WC2026_0403,Colombia,Jordan,WC-2026,T-16,COL,4836.620104090255,1998,"Lorenzo, Néstor",Néstor Lorenzo,44,0,26,30.08929605644185,0,9,5,WC-2026,JOR,JOR,10984.601901755945,1689,"Sellami, Jamel",Jamel Sellami,29,0,26,28.44416363923551,0,0,0
WC2026_0404,Colombia,Mexico,WC-2026,T-16,COL,4836.620104090255,1998,"Lorenzo, Néstor",Néstor Lorenzo,44,0,26,30.08929605644185,0,9,5,WC-2026,T-46,MEX,0,1835,"Aguirre, Javier",Javier Aguirre,26,2,26,27.900700257989783,0,10,4
WC2026_0405,Colombia,Morocco,WC-2026,T-16,COL,4836.620104090255,1998,"Lorenzo, Néstor",Néstor Lorenzo,44,0,26,30.08929605644185,0,9,5,WC-2026,T-47,MAR,8047.458024689145,1840,"Regragui, Walid",Walid Regragui,49,1,26,26.394566419207077,0,9,3
WC2026_0406,Colombia,Netherlands,WC-2026,T-16,COL,4836.620104090255,1998,"Lorenzo, Néstor",Néstor Lorenzo,44,0,26,30.08929605644185,0,9,5,WC-2026,T-48,NLD,7554.561023407048,1959,"Koeman, Ronald",Ronald Koeman,38,0,26,27.739272363502344,0,11,1
WC2026_0407,Colombia,New Zealand,WC-2026,T-16,COL,4836.620104090255,1998,"Lorenzo, Néstor",Néstor Lorenzo,44,0,26,30.08929605644185,0,9,5,WC-2026,T-49,NZL,12567.39014190728,1585,"Bazeley, Darren",Darren Bazeley,32,0,26,28.11793818775338,0,2,0
WC2026_0408,Colombia,Norway,WC-2026,T-16,COL,4836.620104090255,1998,"Lorenzo, Néstor",Néstor Lorenzo,44,0,26,30.08929605644185,0,9,5,WC-2026,T-53,NOR,7116.618664157501,1922,"Solbakken, Ståle",Ståle Solbakken,54,0,26,26.804191017743378,0,0,0
WC2026_0409,Colombia,Panama,WC-2026,T-16,COL,4836.620104090255,1998,"Lorenzo, Néstor",Néstor Lorenzo,44,0,26,30.08929605644185,0,9,5,WC-2026,T-54,PAN,3966.489606135957,1742,"Christiansen, Thomas",Thomas Christiansen,89,0,26,30.426578213025852,0,5,0
WC2026_0410,Colombia,Paraguay,WC-2026,T-16,COL,4836.620104090255,1998,"Lorenzo, Néstor",Néstor Lorenzo,44,0,26,30.08929605644185,0,9,5,WC-2026,T-55,PRY,8273.164637737715,1833,"Alfaro, Gustavo",Gustavo Alfaro,19,1,26,29.031011425261937,0,0,0
WC2026_0411,Colombia,Portugal,WC-2026,T-16,COL,4836.620104090255,1998,"Lorenzo, Néstor",Néstor Lorenzo,44,0,26,30.08929605644185,0,9,5,WC-2026,T-58,PRT,7492.662634275795,1976,"Martínez, Roberto",Roberto Martínez,38,2,26,28.035276154372664,0,14,3
WC2026_0412,Colombia,Qatar,WC-2026,T-16,COL,4836.620104090255,1998,"Lorenzo, Néstor",Néstor Lorenzo,44,0,26,30.08929605644185,0,9,5,WC-2026,T-59,QAT,12201.51654796983,1425,Unknown,Unknown,0,0,26,29.507713368082975,0,12,0
WC2026_0413,Colombia,Saudi Arabia,WC-2026,T-16,COL,4836.620104090255,1998,"Lorenzo, Néstor",Néstor Lorenzo,44,0,26,30.08929605644185,0,9,5,WC-2026,T-63,SAU,11783.518070291611,1592,"Renard, Hervé",Hervé Renard,71,2,26,28.5160848733744,0,9,3
WC2026_0414,Colombia,Scotland,WC-2026,T-16,COL,4836.620104090255,1998,"Lorenzo, Néstor",Néstor Lorenzo,44,0,26,30.08929605644185,0,9,5,WC-2026,T-64,SCO,6752.840415840782,1790,"Clarke, Stevie",Stevie Clarke,76,0,26,29.20244300531775,0,0,0
WC2026_0415,Colombia,Senegal,WC-2026,T-16,COL,4836.620104090255,1998,"Lorenzo, Néstor",Néstor Lorenzo,44,0,26,30.08929605644185,0,9,5,WC-2026,T-65,SEN,8646.942720200805,1807,"Thiaw, Pape",Pape Thiaw,37,0,26,27.087242668351497,0,13,3
WC2026_0416,Colombia,South Africa,WC-2026,T-16,COL,4836.620104090255,1998,"Lorenzo, Néstor",Néstor Lorenzo,44,0,26,30.08929605644185,0,9,5,WC-2026,T-70,ZAF,14937.12069749442,1550,"Broos, Hugo",Hugo Broos,55,0,26,26.808403095877427,0,0,0
WC2026_0417,Colombia,South Korea,WC-2026,T-16,COL,4836.620104090255,1998,"Lorenzo, Néstor",Néstor Lorenzo,44,0,26,30.08929605644185,0,9,5,WC-2026,T-71,KOR,10196.189406281635,1784,"Hong, Myung-Bo",Myung-Bo Hong,21,1,26,28.06570841889117,0,6,0
WC2026_0418,Colombia,Spain,WC-2026,T-16,COL,4836.620104090255,1998,"Lorenzo, Néstor",Néstor Lorenzo,44,0,26,30.08929605644185,0,9,5,WC-2026,T-73,ESP,7746.922852806779,2172,"de La Fuente, Luis",Luis de La Fuente,40,0,26,26.747433264887064,0,6,0
WC2026_0419,Colombia,Sweden,WC-2026,T-16,COL,4836.620104090255,1998,"Lorenzo, Néstor",Néstor Lorenzo,44,0,26,30.08929605644185,0,9,5,WC-2026,T-74,SWE,7465.038363914989,1660,"Potter, Graham",Graham Potter,4,0,26,27.557099984204708,0,1,0
WC2026_0420,Colombia,Switzerland,WC-2026,T-16,COL,4836.620104090255,1998,"Lorenzo, Néstor",Néstor Lorenzo,44,0,26,30.08929605644185,0,9,5,WC-2026,T-75,CHE,8079.837758395281,1897,"Yakın, Murat",Murat Yakın,57,1,26,28.3070604959722,0,15,4
WC2026_0421,Colombia,Tunisia,WC-2026,T-16,COL,4836.620104090255,1998,"Lorenzo, Néstor",Néstor Lorenzo,44,0,26,30.08929605644185,0,9,5,WC-2026,T-79,TUN,9114.63766930202,1615,"Trabelsi, Sami",Sami Trabelsi,19,0,26,26.64465855841626,0,7,2
WC2026_0422,Colombia,Turkey,WC-2026,T-16,COL,4836.620104090255,1998,"Lorenzo, Néstor",Néstor Lorenzo,44,0,26,30.08929605644185,0,9,5,WC-2026,T-80,TUR,10136.436627879562,1880,"Montella, Vincenzo",Vincenzo Montella,31,0,26,27.672195019217607,0,0,0
WC2026_0423,Colombia,United States,WC-2026,T-16,COL,4836.620104090255,1998,"Lorenzo, Néstor",Néstor Lorenzo,44,0,26,30.08929605644185,0,9,5,WC-2026,T-83,USA,0,1747,"Pochettino, Mauricio",Mauricio Pochettino,24,0,26,26.90496498710051,0,11,0
WC2026_0424,Colombia,Uruguay,WC-2026,T-16,COL,4836.620104090255,1998,"Lorenzo, Néstor",Néstor Lorenzo,44,0,26,30.08929605644185,0,9,5,WC-2026,T-84,URY,9282.411359256475,1890,"Bielsa, Marcelo",Marcelo Bielsa,34,2,26,28.742273469172854,0,13,4
WC2026_0425,Colombia,Uzbekistan,WC-2026,T-16,COL,4836.620104090255,1998,"Lorenzo, Néstor",Néstor Lorenzo,44,0,26,30.08929605644185,0,9,5,WC-2026,UZB,UZB,10859.4548236802,1735,"Cannavaro, Fabio",Fabio Cannavaro,6,0,26,28.51166219133365,0,0,0
WC2026_0426,Congo DR,Croatia,WC-2026,COD,COD,13091.613558524405,1657,"Desabre, Sébastien",Sébastien Desabre,46,0,26,29.06870952456168,0,0,0,WC-2026,T-18,HRV,8608.749072206005,1932,"Dalić, Zlatko",Zlatko Dalić,105,2,26,28.328752698362553,0,13,4
WC2026_0427,Congo DR,Curacao,WC-2026,COD,COD,13091.613558524405,1657,"Desabre, Sébastien",Sébastien Desabre,46,0,26,29.06870952456168,0,0,0,WC-2026,CUW,CUW,4359.8095622244355,1466,"Rutten, Fred",Fred Rutten,2,0,26,28.020955088716896,0,0,0
WC2026_0428,Congo DR,Czechia,WC-2026,COD,COD,13091.613558524405,1657,"Desabre, Sébastien",Sébastien Desabre,46,0,26,29.06870952456168,0,0,0,WC-2026,T-20,CZE,8250.286611837133,1731,"Koubek, Miroslav",Miroslav Koubek,2,0,26,27.620807665982205,0,0,0
WC2026_0429,Congo DR,Ecuador,WC-2026,COD,COD,13091.613558524405,1657,"Desabre, Sébastien",Sébastien Desabre,46,0,26,29.06870952456168,0,0,0,WC-2026,T-25,ECU,5050.644388665269,1933,"Beccacece, Sebastián",Sebastián Beccacece,18,0,26,26.07760753961986,0,11,1
WC2026_0430,Congo DR,Egypt,WC-2026,COD,COD,13091.613558524405,1657,"Desabre, Sébastien",Sébastien Desabre,46,0,26,29.06870952456168,0,0,0,WC-2026,T-26,EGY,11013.883086682994,1622,"Hassan, Hossam",Hossam Hassan,28,0,26,29.058916442900017,0,2,0
WC2026_0431,Congo DR,England,WC-2026,COD,COD,13091.613558524405,1657,"Desabre, Sébastien",Sébastien Desabre,46,0,26,29.06870952456168,0,0,0,WC-2026,T-28,ENG,7152.495586801294,2042,"Tuchel, Thomas",Thomas Tuchel,12,0,26,27.144105723161164,0,8,5
WC2026_0432,Congo DR,France,WC-2026,COD,COD,13091.613558524405,1657,"Desabre, Sébastien",Sébastien Desabre,46,0,26,29.06870952456168,0,0,0,WC-2026,T-30,FRA,7714.672685425144,2062,"Deschamps, Didier",Didier Deschamps,174,3,26,27.00100036855684,0,13,3
WC2026_0433,Congo DR,Germany,WC-2026,COD,COD,13091.613558524405,1657,"Desabre, Sébastien",Sébastien Desabre,46,0,26,29.06870952456168,0,0,0,WC-2026,T-31,DEU,7888.05221489964,1910,"Nagelsmann, Julian",Julian Nagelsmann,31,0,26,27.97788658979624,0,9,4
WC2026_0434,Congo DR,Ghana,WC-2026,COD,COD,13091.613558524405,1657,"Desabre, Sébastien",Sébastien Desabre,46,0,26,29.06870952456168,0,0,0,WC-2026,T-32,GHA,10227.032844066958,1509,"Addo, Otto",Otto Addo,34,1,26,26.975201389985784,0,8,1
WC2026_0435,Congo DR,Haiti,WC-2026,COD,COD,13091.613558524405,1657,"Desabre, Sébastien",Sébastien Desabre,46,0,26,29.06870952456168,0,0,0,WC-2026,T-34,HTI,3531.27062289123,1542,"Migné, Sébastien",Sébastien Migné,22,0,26,27.5778444690149,0,0,0
WC2026_0436,Congo DR,Iran,WC-2026,COD,COD,13091.613558524405,1657,"Desabre, Sébastien",Sébastien Desabre,46,0,26,29.06870952456168,0,0,0,WC-2026,T-38,IRN,11560.0244652263,1755,"Ghalenoei, Amir",Amir Ghalenoei,43,0,26,30.3325435686832,0,12,9
WC2026_0437,Congo DR,Iraq,WC-2026,COD,COD,13091.613558524405,1657,"Desabre, Sébastien",Sébastien Desabre,46,0,26,29.06870952456168,0,0,0,WC-2026,T-39,IRQ,11131.48949779042,1582,"Arnold, Graham",Graham Arnold,12,1,26,27.154530616542935,0,0,0
WC2026_0438,Congo DR,Ivory Coast,WC-2026,COD,COD,13091.613558524405,1657,"Desabre, Sébastien",Sébastien Desabre,46,0,26,29.06870952456168,0,0,0,WC-2026,T-42,CIV,9853.150045632055,1627,"Faé, Emerse",Emerse Faé,31,0,26,25.84899699889433,0,0,0
WC2026_0439,Congo DR,Japan,WC-2026,COD,COD,13091.613558524405,1657,"Desabre, Sébastien",Sébastien Desabre,46,0,26,29.06870952456168,0,0,0,WC-2026,T-44,JPN,9562.526814875126,1878,"Moriyasu, Hajime",Hajime Moriyasu,103,1,26,27.750434370557574,0,13,1
WC2026_0440,Congo DR,Jordan,WC-2026,COD,COD,13091.613558524405,1657,"Desabre, Sébastien",Sébastien Desabre,46,0,26,29.06870952456168,0,0,0,WC-2026,JOR,JOR,10984.601901755945,1689,"Sellami, Jamel",Jamel Sellami,29,0,26,28.44416363923551,0,0,0
WC2026_0441,Congo DR,Mexico,WC-2026,COD,COD,13091.613558524405,1657,"Desabre, Sébastien",Sébastien Desabre,46,0,26,29.06870952456168,0,0,0,WC-2026,T-46,MEX,0,1835,"Aguirre, Javier",Javier Aguirre,26,2,26,27.900700257989783,0,10,4
WC2026_0442,Congo DR,Morocco,WC-2026,COD,COD,13091.613558524405,1657,"Desabre, Sébastien",Sébastien Desabre,46,0,26,29.06870952456168,0,0,0,WC-2026,T-47,MAR,8047.458024689145,1840,"Regragui, Walid",Walid Regragui,49,1,26,26.394566419207077,0,9,3
WC2026_0443,Congo DR,Netherlands,WC-2026,COD,COD,13091.613558524405,1657,"Desabre, Sébastien",Sébastien Desabre,46,0,26,29.06870952456168,0,0,0,WC-2026,T-48,NLD,7554.561023407048,1959,"Koeman, Ronald",Ronald Koeman,38,0,26,27.739272363502344,0,11,1
WC2026_0444,Congo DR,New Zealand,WC-2026,COD,COD,13091.613558524405,1657,"Desabre, Sébastien",Sébastien Desabre,46,0,26,29.06870952456168,0,0,0,WC-2026,T-49,NZL,12567.39014190728,1585,"Bazeley, Darren",Darren Bazeley,32,0,26,28.11793818775338,0,2,0
WC2026_0445,Congo DR,Norway,WC-2026,COD,COD,13091.613558524405,1657,"Desabre, Sébastien",Sébastien Desabre,46,0,26,29.06870952456168,0,0,0,WC-2026,T-53,NOR,7116.618664157501,1922,"Solbakken, Ståle",Ståle Solbakken,54,0,26,26.804191017743378,0,0,0
WC2026_0446,Congo DR,Panama,WC-2026,COD,COD,13091.613558524405,1657,"Desabre, Sébastien",Sébastien Desabre,46,0,26,29.06870952456168,0,0,0,WC-2026,T-54,PAN,3966.489606135957,1742,"Christiansen, Thomas",Thomas Christiansen,89,0,26,30.426578213025852,0,5,0
WC2026_0447,Congo DR,Paraguay,WC-2026,COD,COD,13091.613558524405,1657,"Desabre, Sébastien",Sébastien Desabre,46,0,26,29.06870952456168,0,0,0,WC-2026,T-55,PRY,8273.164637737715,1833,"Alfaro, Gustavo",Gustavo Alfaro,19,1,26,29.031011425261937,0,0,0
WC2026_0448,Congo DR,Portugal,WC-2026,COD,COD,13091.613558524405,1657,"Desabre, Sébastien",Sébastien Desabre,46,0,26,29.06870952456168,0,0,0,WC-2026,T-58,PRT,7492.662634275795,1976,"Martínez, Roberto",Roberto Martínez,38,2,26,28.035276154372664,0,14,3
WC2026_0449,Congo DR,Qatar,WC-2026,COD,COD,13091.613558524405,1657,"Desabre, Sébastien",Sébastien Desabre,46,0,26,29.06870952456168,0,0,0,WC-2026,T-59,QAT,12201.51654796983,1425,Unknown,Unknown,0,0,26,29.507713368082975,0,12,0
WC2026_0450,Congo DR,Saudi Arabia,WC-2026,COD,COD,13091.613558524405,1657,"Desabre, Sébastien",Sébastien Desabre,46,0,26,29.06870952456168,0,0,0,WC-2026,T-63,SAU,11783.518070291611,1592,"Renard, Hervé",Hervé Renard,71,2,26,28.5160848733744,0,9,3
WC2026_0451,Congo DR,Scotland,WC-2026,COD,COD,13091.613558524405,1657,"Desabre, Sébastien",Sébastien Desabre,46,0,26,29.06870952456168,0,0,0,WC-2026,T-64,SCO,6752.840415840782,1790,"Clarke, Stevie",Stevie Clarke,76,0,26,29.20244300531775,0,0,0
WC2026_0452,Congo DR,Senegal,WC-2026,COD,COD,13091.613558524405,1657,"Desabre, Sébastien",Sébastien Desabre,46,0,26,29.06870952456168,0,0,0,WC-2026,T-65,SEN,8646.942720200805,1807,"Thiaw, Pape",Pape Thiaw,37,0,26,27.087242668351497,0,13,3
WC2026_0453,Congo DR,South Africa,WC-2026,COD,COD,13091.613558524405,1657,"Desabre, Sébastien",Sébastien Desabre,46,0,26,29.06870952456168,0,0,0,WC-2026,T-70,ZAF,14937.12069749442,1550,"Broos, Hugo",Hugo Broos,55,0,26,26.808403095877427,0,0,0
WC2026_0454,Congo DR,South Korea,WC-2026,COD,COD,13091.613558524405,1657,"Desabre, Sébastien",Sébastien Desabre,46,0,26,29.06870952456168,0,0,0,WC-2026,T-71,KOR,10196.189406281635,1784,"Hong, Myung-Bo",Myung-Bo Hong,21,1,26,28.06570841889117,0,6,0
WC2026_0455,Congo DR,Spain,WC-2026,COD,COD,13091.613558524405,1657,"Desabre, Sébastien",Sébastien Desabre,46,0,26,29.06870952456168,0,0,0,WC-2026,T-73,ESP,7746.922852806779,2172,"de La Fuente, Luis",Luis de La Fuente,40,0,26,26.747433264887064,0,6,0
WC2026_0456,Congo DR,Sweden,WC-2026,COD,COD,13091.613558524405,1657,"Desabre, Sébastien",Sébastien Desabre,46,0,26,29.06870952456168,0,0,0,WC-2026,T-74,SWE,7465.038363914989,1660,"Potter, Graham",Graham Potter,4,0,26,27.557099984204708,0,1,0
WC2026_0457,Congo DR,Switzerland,WC-2026,COD,COD,13091.613558524405,1657,"Desabre, Sébastien",Sébastien Desabre,46,0,26,29.06870952456168,0,0,0,WC-2026,T-75,CHE,8079.837758395281,1897,"Yakın, Murat",Murat Yakın,57,1,26,28.3070604959722,0,15,4
WC2026_0458,Congo DR,Tunisia,WC-2026,COD,COD,13091.613558524405,1657,"Desabre, Sébastien",Sébastien Desabre,46,0,26,29.06870952456168,0,0,0,WC-2026,T-79,TUN,9114.63766930202,1615,"Trabelsi, Sami",Sami Trabelsi,19,0,26,26.64465855841626,0,7,2
WC2026_0459,Congo DR,Turkey,WC-2026,COD,COD,13091.613558524405,1657,"Desabre, Sébastien",Sébastien Desabre,46,0,26,29.06870952456168,0,0,0,WC-2026,T-80,TUR,10136.436627879562,1880,"Montella, Vincenzo",Vincenzo Montella,31,0,26,27.672195019217607,0,0,0
WC2026_0460,Congo DR,United States,WC-2026,COD,COD,13091.613558524405,1657,"Desabre, Sébastien",Sébastien Desabre,46,0,26,29.06870952456168,0,0,0,WC-2026,T-83,USA,0,1747,"Pochettino, Mauricio",Mauricio Pochettino,24,0,26,26.90496498710051,0,11,0
WC2026_0461,Congo DR,Uruguay,WC-2026,COD,COD,13091.613558524405,1657,"Desabre, Sébastien",Sébastien Desabre,46,0,26,29.06870952456168,0,0,0,WC-2026,T-84,URY,9282.411359256475,1890,"Bielsa, Marcelo",Marcelo Bielsa,34,2,26,28.742273469172854,0,13,4
WC2026_0462,Congo DR,Uzbekistan,WC-2026,COD,COD,13091.613558524405,1657,"Desabre, Sébastien",Sébastien Desabre,46,0,26,29.06870952456168,0,0,0,WC-2026,UZB,UZB,10859.4548236802,1735,"Cannavaro, Fabio",Fabio Cannavaro,6,0,26,28.51166219133365,0,0,0
WC2026_0463,Croatia,Curacao,WC-2026,T-18,HRV,8608.749072206005,1932,"Dalić, Zlatko",Zlatko Dalić,105,2,26,28.328752698362553,0,13,4,WC-2026,CUW,CUW,4359.8095622244355,1466,"Rutten, Fred",Fred Rutten,2,0,26,28.020955088716896,0,0,0
WC2026_0464,Croatia,Czechia,WC-2026,T-18,HRV,8608.749072206005,1932,"Dalić, Zlatko",Zlatko Dalić,105,2,26,28.328752698362553,0,13,4,WC-2026,T-20,CZE,8250.286611837133,1731,"Koubek, Miroslav",Miroslav Koubek,2,0,26,27.620807665982205,0,0,0
WC2026_0465,Croatia,Ecuador,WC-2026,T-18,HRV,8608.749072206005,1932,"Dalić, Zlatko",Zlatko Dalić,105,2,26,28.328752698362553,0,13,4,WC-2026,T-25,ECU,5050.644388665269,1933,"Beccacece, Sebastián",Sebastián Beccacece,18,0,26,26.07760753961986,0,11,1
WC2026_0466,Croatia,Egypt,WC-2026,T-18,HRV,8608.749072206005,1932,"Dalić, Zlatko",Zlatko Dalić,105,2,26,28.328752698362553,0,13,4,WC-2026,T-26,EGY,11013.883086682994,1622,"Hassan, Hossam",Hossam Hassan,28,0,26,29.058916442900017,0,2,0
WC2026_0467,Croatia,England,WC-2026,T-18,HRV,8608.749072206005,1932,"Dalić, Zlatko",Zlatko Dalić,105,2,26,28.328752698362553,0,13,4,WC-2026,T-28,ENG,7152.495586801294,2042,"Tuchel, Thomas",Thomas Tuchel,12,0,26,27.144105723161164,0,8,5
WC2026_0468,Croatia,France,WC-2026,T-18,HRV,8608.749072206005,1932,"Dalić, Zlatko",Zlatko Dalić,105,2,26,28.328752698362553,0,13,4,WC-2026,T-30,FRA,7714.672685425144,2062,"Deschamps, Didier",Didier Deschamps,174,3,26,27.00100036855684,0,13,3
WC2026_0469,Croatia,Germany,WC-2026,T-18,HRV,8608.749072206005,1932,"Dalić, Zlatko",Zlatko Dalić,105,2,26,28.328752698362553,0,13,4,WC-2026,T-31,DEU,7888.05221489964,1910,"Nagelsmann, Julian",Julian Nagelsmann,31,0,26,27.97788658979624,0,9,4
WC2026_0470,Croatia,Ghana,WC-2026,T-18,HRV,8608.749072206005,1932,"Dalić, Zlatko",Zlatko Dalić,105,2,26,28.328752698362553,0,13,4,WC-2026,T-32,GHA,10227.032844066958,1509,"Addo, Otto",Otto Addo,34,1,26,26.975201389985784,0,8,1
WC2026_0471,Croatia,Haiti,WC-2026,T-18,HRV,8608.749072206005,1932,"Dalić, Zlatko",Zlatko Dalić,105,2,26,28.328752698362553,0,13,4,WC-2026,T-34,HTI,3531.27062289123,1542,"Migné, Sébastien",Sébastien Migné,22,0,26,27.5778444690149,0,0,0
WC2026_0472,Croatia,Iran,WC-2026,T-18,HRV,8608.749072206005,1932,"Dalić, Zlatko",Zlatko Dalić,105,2,26,28.328752698362553,0,13,4,WC-2026,T-38,IRN,11560.0244652263,1755,"Ghalenoei, Amir",Amir Ghalenoei,43,0,26,30.3325435686832,0,12,9
WC2026_0473,Croatia,Iraq,WC-2026,T-18,HRV,8608.749072206005,1932,"Dalić, Zlatko",Zlatko Dalić,105,2,26,28.328752698362553,0,13,4,WC-2026,T-39,IRQ,11131.48949779042,1582,"Arnold, Graham",Graham Arnold,12,1,26,27.154530616542935,0,0,0
WC2026_0474,Croatia,Ivory Coast,WC-2026,T-18,HRV,8608.749072206005,1932,"Dalić, Zlatko",Zlatko Dalić,105,2,26,28.328752698362553,0,13,4,WC-2026,T-42,CIV,9853.150045632055,1627,"Faé, Emerse",Emerse Faé,31,0,26,25.84899699889433,0,0,0
WC2026_0475,Croatia,Japan,WC-2026,T-18,HRV,8608.749072206005,1932,"Dalić, Zlatko",Zlatko Dalić,105,2,26,28.328752698362553,0,13,4,WC-2026,T-44,JPN,9562.526814875126,1878,"Moriyasu, Hajime",Hajime Moriyasu,103,1,26,27.750434370557574,0,13,1
WC2026_0476,Croatia,Jordan,WC-2026,T-18,HRV,8608.749072206005,1932,"Dalić, Zlatko",Zlatko Dalić,105,2,26,28.328752698362553,0,13,4,WC-2026,JOR,JOR,10984.601901755945,1689,"Sellami, Jamel",Jamel Sellami,29,0,26,28.44416363923551,0,0,0
WC2026_0477,Croatia,Mexico,WC-2026,T-18,HRV,8608.749072206005,1932,"Dalić, Zlatko",Zlatko Dalić,105,2,26,28.328752698362553,0,13,4,WC-2026,T-46,MEX,0,1835,"Aguirre, Javier",Javier Aguirre,26,2,26,27.900700257989783,0,10,4
WC2026_0478,Croatia,Morocco,WC-2026,T-18,HRV,8608.749072206005,1932,"Dalić, Zlatko",Zlatko Dalić,105,2,26,28.328752698362553,0,13,4,WC-2026,T-47,MAR,8047.458024689145,1840,"Regragui, Walid",Walid Regragui,49,1,26,26.394566419207077,0,9,3
WC2026_0479,Croatia,Netherlands,WC-2026,T-18,HRV,8608.749072206005,1932,"Dalić, Zlatko",Zlatko Dalić,105,2,26,28.328752698362553,0,13,4,WC-2026,T-48,NLD,7554.561023407048,1959,"Koeman, Ronald",Ronald Koeman,38,0,26,27.739272363502344,0,11,1
WC2026_0480,Croatia,New Zealand,WC-2026,T-18,HRV,8608.749072206005,1932,"Dalić, Zlatko",Zlatko Dalić,105,2,26,28.328752698362553,0,13,4,WC-2026,T-49,NZL,12567.39014190728,1585,"Bazeley, Darren",Darren Bazeley,32,0,26,28.11793818775338,0,2,0
WC2026_0481,Croatia,Norway,WC-2026,T-18,HRV,8608.749072206005,1932,"Dalić, Zlatko",Zlatko Dalić,105,2,26,28.328752698362553,0,13,4,WC-2026,T-53,NOR,7116.618664157501,1922,"Solbakken, Ståle",Ståle Solbakken,54,0,26,26.804191017743378,0,0,0
WC2026_0482,Croatia,Panama,WC-2026,T-18,HRV,8608.749072206005,1932,"Dalić, Zlatko",Zlatko Dalić,105,2,26,28.328752698362553,0,13,4,WC-2026,T-54,PAN,3966.489606135957,1742,"Christiansen, Thomas",Thomas Christiansen,89,0,26,30.426578213025852,0,5,0
WC2026_0483,Croatia,Paraguay,WC-2026,T-18,HRV,8608.749072206005,1932,"Dalić, Zlatko",Zlatko Dalić,105,2,26,28.328752698362553,0,13,4,WC-2026,T-55,PRY,8273.164637737715,1833,"Alfaro, Gustavo",Gustavo Alfaro,19,1,26,29.031011425261937,0,0,0
WC2026_0484,Croatia,Portugal,WC-2026,T-18,HRV,8608.749072206005,1932,"Dalić, Zlatko",Zlatko Dalić,105,2,26,28.328752698362553,0,13,4,WC-2026,T-58,PRT,7492.662634275795,1976,"Martínez, Roberto",Roberto Martínez,38,2,26,28.035276154372664,0,14,3
WC2026_0485,Croatia,Qatar,WC-2026,T-18,HRV,8608.749072206005,1932,"Dalić, Zlatko",Zlatko Dalić,105,2,26,28.328752698362553,0,13,4,WC-2026,T-59,QAT,12201.51654796983,1425,Unknown,Unknown,0,0,26,29.507713368082975,0,12,0
WC2026_0486,Croatia,Saudi Arabia,WC-2026,T-18,HRV,8608.749072206005,1932,"Dalić, Zlatko",Zlatko Dalić,105,2,26,28.328752698362553,0,13,4,WC-2026,T-63,SAU,11783.518070291611,1592,"Renard, Hervé",Hervé Renard,71,2,26,28.5160848733744,0,9,3
WC2026_0487,Croatia,Scotland,WC-2026,T-18,HRV,8608.749072206005,1932,"Dalić, Zlatko",Zlatko Dalić,105,2,26,28.328752698362553,0,13,4,WC-2026,T-64,SCO,6752.840415840782,1790,"Clarke, Stevie",Stevie Clarke,76,0,26,29.20244300531775,0,0,0
WC2026_0488,Croatia,Senegal,WC-2026,T-18,HRV,8608.749072206005,1932,"Dalić, Zlatko",Zlatko Dalić,105,2,26,28.328752698362553,0,13,4,WC-2026,T-65,SEN,8646.942720200805,1807,"Thiaw, Pape",Pape Thiaw,37,0,26,27.087242668351497,0,13,3
WC2026_0489,Croatia,South Africa,WC-2026,T-18,HRV,8608.749072206005,1932,"Dalić, Zlatko",Zlatko Dalić,105,2,26,28.328752698362553,0,13,4,WC-2026,T-70,ZAF,14937.12069749442,1550,"Broos, Hugo",Hugo Broos,55,0,26,26.808403095877427,0,0,0
WC2026_0490,Croatia,South Korea,WC-2026,T-18,HRV,8608.749072206005,1932,"Dalić, Zlatko",Zlatko Dalić,105,2,26,28.328752698362553,0,13,4,WC-2026,T-71,KOR,10196.189406281635,1784,"Hong, Myung-Bo",Myung-Bo Hong,21,1,26,28.06570841889117,0,6,0
WC2026_0491,Croatia,Spain,WC-2026,T-18,HRV,8608.749072206005,1932,"Dalić, Zlatko",Zlatko Dalić,105,2,26,28.328752698362553,0,13,4,WC-2026,T-73,ESP,7746.922852806779,2172,"de La Fuente, Luis",Luis de La Fuente,40,0,26,26.747433264887064,0,6,0
WC2026_0492,Croatia,Sweden,WC-2026,T-18,HRV,8608.749072206005,1932,"Dalić, Zlatko",Zlatko Dalić,105,2,26,28.328752698362553,0,13,4,WC-2026,T-74,SWE,7465.038363914989,1660,"Potter, Graham",Graham Potter,4,0,26,27.557099984204708,0,1,0
WC2026_0493,Croatia,Switzerland,WC-2026,T-18,HRV,8608.749072206005,1932,"Dalić, Zlatko",Zlatko Dalić,105,2,26,28.328752698362553,0,13,4,WC-2026,T-75,CHE,8079.837758395281,1897,"Yakın, Murat",Murat Yakın,57,1,26,28.3070604959722,0,15,4
WC2026_0494,Croatia,Tunisia,WC-2026,T-18,HRV,8608.749072206005,1932,"Dalić, Zlatko",Zlatko Dalić,105,2,26,28.328752698362553,0,13,4,WC-2026,T-79,TUN,9114.63766930202,1615,"Trabelsi, Sami",Sami Trabelsi,19,0,26,26.64465855841626,0,7,2
WC2026_0495,Croatia,Turkey,WC-2026,T-18,HRV,8608.749072206005,1932,"Dalić, Zlatko",Zlatko Dalić,105,2,26,28.328752698362553,0,13,4,WC-2026,T-80,TUR,10136.436627879562,1880,"Montella, Vincenzo",Vincenzo Montella,31,0,26,27.672195019217607,0,0,0
WC2026_0496,Croatia,United States,WC-2026,T-18,HRV,8608.749072206005,1932,"Dalić, Zlatko",Zlatko Dalić,105,2,26,28.328752698362553,0,13,4,WC-2026,T-83,USA,0,1747,"Pochettino, Mauricio",Mauricio Pochettino,24,0,26,26.90496498710051,0,11,0
WC2026_0497,Croatia,Uruguay,WC-2026,T-18,HRV,8608.749072206005,1932,"Dalić, Zlatko",Zlatko Dalić,105,2,26,28.328752698362553,0,13,4,WC-2026,T-84,URY,9282.411359256475,1890,"Bielsa, Marcelo",Marcelo Bielsa,34,2,26,28.742273469172854,0,13,4
WC2026_0498,Croatia,Uzbekistan,WC-2026,T-18,HRV,8608.749072206005,1932,"Dalić, Zlatko",Zlatko Dalić,105,2,26,28.328752698362553,0,13,4,WC-2026,UZB,UZB,10859.4548236802,1735,"Cannavaro, Fabio",Fabio Cannavaro,6,0,26,28.51166219133365,0,0,0
WC2026_0499,Curacao,Czechia,WC-2026,CUW,CUW,4359.8095622244355,1466,"Rutten, Fred",Fred Rutten,2,0,26,28.020955088716896,0,0,0,WC-2026,T-20,CZE,8250.286611837133,1731,"Koubek, Miroslav",Miroslav Koubek,2,0,26,27.620807665982205,0,0,0
WC2026_0500,Curacao,Ecuador,WC-2026,CUW,CUW,4359.8095622244355,1466,"Rutten, Fred",Fred Rutten,2,0,26,28.020955088716896,0,0,0,WC-2026,T-25,ECU,5050.644388665269,1933,"Beccacece, Sebastián",Sebastián Beccacece,18,0,26,26.07760753961986,0,11,1
WC2026_0501,Curacao,Egypt,WC-2026,CUW,CUW,4359.8095622244355,1466,"Rutten, Fred",Fred Rutten,2,0,26,28.020955088716896,0,0,0,WC-2026,T-26,EGY,11013.883086682994,1622,"Hassan, Hossam",Hossam Hassan,28,0,26,29.058916442900017,0,2,0
WC2026_0502,Curacao,England,WC-2026,CUW,CUW,4359.8095622244355,1466,"Rutten, Fred",Fred Rutten,2,0,26,28.020955088716896,0,0,0,WC-2026,T-28,ENG,7152.495586801294,2042,"Tuchel, Thomas",Thomas Tuchel,12,0,26,27.144105723161164,0,8,5
WC2026_0503,Curacao,France,WC-2026,CUW,CUW,4359.8095622244355,1466,"Rutten, Fred",Fred Rutten,2,0,26,28.020955088716896,0,0,0,WC-2026,T-30,FRA,7714.672685425144,2062,"Deschamps, Didier",Didier Deschamps,174,3,26,27.00100036855684,0,13,3
WC2026_0504,Curacao,Germany,WC-2026,CUW,CUW,4359.8095622244355,1466,"Rutten, Fred",Fred Rutten,2,0,26,28.020955088716896,0,0,0,WC-2026,T-31,DEU,7888.05221489964,1910,"Nagelsmann, Julian",Julian Nagelsmann,31,0,26,27.97788658979624,0,9,4
WC2026_0505,Curacao,Ghana,WC-2026,CUW,CUW,4359.8095622244355,1466,"Rutten, Fred",Fred Rutten,2,0,26,28.020955088716896,0,0,0,WC-2026,T-32,GHA,10227.032844066958,1509,"Addo, Otto",Otto Addo,34,1,26,26.975201389985784,0,8,1
WC2026_0506,Curacao,Haiti,WC-2026,CUW,CUW,4359.8095622244355,1466,"Rutten, Fred",Fred Rutten,2,0,26,28.020955088716896,0,0,0,WC-2026,T-34,HTI,3531.27062289123,1542,"Migné, Sébastien",Sébastien Migné,22,0,26,27.5778444690149,0,0,0
WC2026_0507,Curacao,Iran,WC-2026,CUW,CUW,4359.8095622244355,1466,"Rutten, Fred",Fred Rutten,2,0,26,28.020955088716896,0,0,0,WC-2026,T-38,IRN,11560.0244652263,1755,"Ghalenoei, Amir",Amir Ghalenoei,43,0,26,30.3325435686832,0,12,9
WC2026_0508,Curacao,Iraq,WC-2026,CUW,CUW,4359.8095622244355,1466,"Rutten, Fred",Fred Rutten,2,0,26,28.020955088716896,0,0,0,WC-2026,T-39,IRQ,11131.48949779042,1582,"Arnold, Graham",Graham Arnold,12,1,26,27.154530616542935,0,0,0
WC2026_0509,Curacao,Ivory Coast,WC-2026,CUW,CUW,4359.8095622244355,1466,"Rutten, Fred",Fred Rutten,2,0,26,28.020955088716896,0,0,0,WC-2026,T-42,CIV,9853.150045632055,1627,"Faé, Emerse",Emerse Faé,31,0,26,25.84899699889433,0,0,0
WC2026_0510,Curacao,Japan,WC-2026,CUW,CUW,4359.8095622244355,1466,"Rutten, Fred",Fred Rutten,2,0,26,28.020955088716896,0,0,0,WC-2026,T-44,JPN,9562.526814875126,1878,"Moriyasu, Hajime",Hajime Moriyasu,103,1,26,27.750434370557574,0,13,1
WC2026_0511,Curacao,Jordan,WC-2026,CUW,CUW,4359.8095622244355,1466,"Rutten, Fred",Fred Rutten,2,0,26,28.020955088716896,0,0,0,WC-2026,JOR,JOR,10984.601901755945,1689,"Sellami, Jamel",Jamel Sellami,29,0,26,28.44416363923551,0,0,0
WC2026_0512,Curacao,Mexico,WC-2026,CUW,CUW,4359.8095622244355,1466,"Rutten, Fred",Fred Rutten,2,0,26,28.020955088716896,0,0,0,WC-2026,T-46,MEX,0,1835,"Aguirre, Javier",Javier Aguirre,26,2,26,27.900700257989783,0,10,4
WC2026_0513,Curacao,Morocco,WC-2026,CUW,CUW,4359.8095622244355,1466,"Rutten, Fred",Fred Rutten,2,0,26,28.020955088716896,0,0,0,WC-2026,T-47,MAR,8047.458024689145,1840,"Regragui, Walid",Walid Regragui,49,1,26,26.394566419207077,0,9,3
WC2026_0514,Curacao,Netherlands,WC-2026,CUW,CUW,4359.8095622244355,1466,"Rutten, Fred",Fred Rutten,2,0,26,28.020955088716896,0,0,0,WC-2026,T-48,NLD,7554.561023407048,1959,"Koeman, Ronald",Ronald Koeman,38,0,26,27.739272363502344,0,11,1
WC2026_0515,Curacao,New Zealand,WC-2026,CUW,CUW,4359.8095622244355,1466,"Rutten, Fred",Fred Rutten,2,0,26,28.020955088716896,0,0,0,WC-2026,T-49,NZL,12567.39014190728,1585,"Bazeley, Darren",Darren Bazeley,32,0,26,28.11793818775338,0,2,0
WC2026_0516,Curacao,Norway,WC-2026,CUW,CUW,4359.8095622244355,1466,"Rutten, Fred",Fred Rutten,2,0,26,28.020955088716896,0,0,0,WC-2026,T-53,NOR,7116.618664157501,1922,"Solbakken, Ståle",Ståle Solbakken,54,0,26,26.804191017743378,0,0,0
WC2026_0517,Curacao,Panama,WC-2026,CUW,CUW,4359.8095622244355,1466,"Rutten, Fred",Fred Rutten,2,0,26,28.020955088716896,0,0,0,WC-2026,T-54,PAN,3966.489606135957,1742,"Christiansen, Thomas",Thomas Christiansen,89,0,26,30.426578213025852,0,5,0
WC2026_0518,Curacao,Paraguay,WC-2026,CUW,CUW,4359.8095622244355,1466,"Rutten, Fred",Fred Rutten,2,0,26,28.020955088716896,0,0,0,WC-2026,T-55,PRY,8273.164637737715,1833,"Alfaro, Gustavo",Gustavo Alfaro,19,1,26,29.031011425261937,0,0,0
WC2026_0519,Curacao,Portugal,WC-2026,CUW,CUW,4359.8095622244355,1466,"Rutten, Fred",Fred Rutten,2,0,26,28.020955088716896,0,0,0,WC-2026,T-58,PRT,7492.662634275795,1976,"Martínez, Roberto",Roberto Martínez,38,2,26,28.035276154372664,0,14,3
WC2026_0520,Curacao,Qatar,WC-2026,CUW,CUW,4359.8095622244355,1466,"Rutten, Fred",Fred Rutten,2,0,26,28.020955088716896,0,0,0,WC-2026,T-59,QAT,12201.51654796983,1425,Unknown,Unknown,0,0,26,29.507713368082975,0,12,0
WC2026_0521,Curacao,Saudi Arabia,WC-2026,CUW,CUW,4359.8095622244355,1466,"Rutten, Fred",Fred Rutten,2,0,26,28.020955088716896,0,0,0,WC-2026,T-63,SAU,11783.518070291611,1592,"Renard, Hervé",Hervé Renard,71,2,26,28.5160848733744,0,9,3
WC2026_0522,Curacao,Scotland,WC-2026,CUW,CUW,4359.8095622244355,1466,"Rutten, Fred",Fred Rutten,2,0,26,28.020955088716896,0,0,0,WC-2026,T-64,SCO,6752.840415840782,1790,"Clarke, Stevie",Stevie Clarke,76,0,26,29.20244300531775,0,0,0
WC2026_0523,Curacao,Senegal,WC-2026,CUW,CUW,4359.8095622244355,1466,"Rutten, Fred",Fred Rutten,2,0,26,28.020955088716896,0,0,0,WC-2026,T-65,SEN,8646.942720200805,1807,"Thiaw, Pape",Pape Thiaw,37,0,26,27.087242668351497,0,13,3
WC2026_0524,Curacao,South Africa,WC-2026,CUW,CUW,4359.8095622244355,1466,"Rutten, Fred",Fred Rutten,2,0,26,28.020955088716896,0,0,0,WC-2026,T-70,ZAF,14937.12069749442,1550,"Broos, Hugo",Hugo Broos,55,0,26,26.808403095877427,0,0,0
WC2026_0525,Curacao,South Korea,WC-2026,CUW,CUW,4359.8095622244355,1466,"Rutten, Fred",Fred Rutten,2,0,26,28.020955088716896,0,0,0,WC-2026,T-71,KOR,10196.189406281635,1784,"Hong, Myung-Bo",Myung-Bo Hong,21,1,26,28.06570841889117,0,6,0
WC2026_0526,Curacao,Spain,WC-2026,CUW,CUW,4359.8095622244355,1466,"Rutten, Fred",Fred Rutten,2,0,26,28.020955088716896,0,0,0,WC-2026,T-73,ESP,7746.922852806779,2172,"de La Fuente, Luis",Luis de La Fuente,40,0,26,26.747433264887064,0,6,0
WC2026_0527,Curacao,Sweden,WC-2026,CUW,CUW,4359.8095622244355,1466,"Rutten, Fred",Fred Rutten,2,0,26,28.020955088716896,0,0,0,WC-2026,T-74,SWE,7465.038363914989,1660,"Potter, Graham",Graham Potter,4,0,26,27.557099984204708,0,1,0
WC2026_0528,Curacao,Switzerland,WC-2026,CUW,CUW,4359.8095622244355,1466,"Rutten, Fred",Fred Rutten,2,0,26,28.020955088716896,0,0,0,WC-2026,T-75,CHE,8079.837758395281,1897,"Yakın, Murat",Murat Yakın,57,1,26,28.3070604959722,0,15,4
WC2026_0529,Curacao,Tunisia,WC-2026,CUW,CUW,4359.8095622244355,1466,"Rutten, Fred",Fred Rutten,2,0,26,28.020955088716896,0,0,0,WC-2026,T-79,TUN,9114.63766930202,1615,"Trabelsi, Sami",Sami Trabelsi,19,0,26,26.64465855841626,0,7,2
WC2026_0530,Curacao,Turkey,WC-2026,CUW,CUW,4359.8095622244355,1466,"Rutten, Fred",Fred Rutten,2,0,26,28.020955088716896,0,0,0,WC-2026,T-80,TUR,10136.436627879562,1880,"Montella, Vincenzo",Vincenzo Montella,31,0,26,27.672195019217607,0,0,0
WC2026_0531,Curacao,United States,WC-2026,CUW,CUW,4359.8095622244355,1466,"Rutten, Fred",Fred Rutten,2,0,26,28.020955088716896,0,0,0,WC-2026,T-83,USA,0,1747,"Pochettino, Mauricio",Mauricio Pochettino,24,0,26,26.90496498710051,0,11,0
WC2026_0532,Curacao,Uruguay,WC-2026,CUW,CUW,4359.8095622244355,1466,"Rutten, Fred",Fred Rutten,2,0,26,28.020955088716896,0,0,0,WC-2026,T-84,URY,9282.411359256475,1890,"Bielsa, Marcelo",Marcelo Bielsa,34,2,26,28.742273469172854,0,13,4
WC2026_0533,Curacao,Uzbekistan,WC-2026,CUW,CUW,4359.8095622244355,1466,"Rutten, Fred",Fred Rutten,2,0,26,28.020955088716896,0,0,0,WC-2026,UZB,UZB,10859.4548236802,1735,"Cannavaro, Fabio",Fabio Cannavaro,6,0,26,28.51166219133365,0,0,0
WC2026_0534,Czechia,Ecuador,WC-2026,T-20,CZE,8250.286611837133,1731,"Koubek, Miroslav",Miroslav Koubek,2,0,26,27.620807665982205,0,0,0,WC-2026,T-25,ECU,5050.644388665269,1933,"Beccacece, Sebastián",Sebastián Beccacece,18,0,26,26.07760753961986,0,11,1
WC2026_0535,Czechia,Egypt,WC-2026,T-20,CZE,8250.286611837133,1731,"Koubek, Miroslav",Miroslav Koubek,2,0,26,27.620807665982205,0,0,0,WC-2026,T-26,EGY,11013.883086682994,1622,"Hassan, Hossam",Hossam Hassan,28,0,26,29.058916442900017,0,2,0
WC2026_0536,Czechia,England,WC-2026,T-20,CZE,8250.286611837133,1731,"Koubek, Miroslav",Miroslav Koubek,2,0,26,27.620807665982205,0,0,0,WC-2026,T-28,ENG,7152.495586801294,2042,"Tuchel, Thomas",Thomas Tuchel,12,0,26,27.144105723161164,0,8,5
WC2026_0537,Czechia,France,WC-2026,T-20,CZE,8250.286611837133,1731,"Koubek, Miroslav",Miroslav Koubek,2,0,26,27.620807665982205,0,0,0,WC-2026,T-30,FRA,7714.672685425144,2062,"Deschamps, Didier",Didier Deschamps,174,3,26,27.00100036855684,0,13,3
WC2026_0538,Czechia,Germany,WC-2026,T-20,CZE,8250.286611837133,1731,"Koubek, Miroslav",Miroslav Koubek,2,0,26,27.620807665982205,0,0,0,WC-2026,T-31,DEU,7888.05221489964,1910,"Nagelsmann, Julian",Julian Nagelsmann,31,0,26,27.97788658979624,0,9,4
WC2026_0539,Czechia,Ghana,WC-2026,T-20,CZE,8250.286611837133,1731,"Koubek, Miroslav",Miroslav Koubek,2,0,26,27.620807665982205,0,0,0,WC-2026,T-32,GHA,10227.032844066958,1509,"Addo, Otto",Otto Addo,34,1,26,26.975201389985784,0,8,1
WC2026_0540,Czechia,Haiti,WC-2026,T-20,CZE,8250.286611837133,1731,"Koubek, Miroslav",Miroslav Koubek,2,0,26,27.620807665982205,0,0,0,WC-2026,T-34,HTI,3531.27062289123,1542,"Migné, Sébastien",Sébastien Migné,22,0,26,27.5778444690149,0,0,0
WC2026_0541,Czechia,Iran,WC-2026,T-20,CZE,8250.286611837133,1731,"Koubek, Miroslav",Miroslav Koubek,2,0,26,27.620807665982205,0,0,0,WC-2026,T-38,IRN,11560.0244652263,1755,"Ghalenoei, Amir",Amir Ghalenoei,43,0,26,30.3325435686832,0,12,9
WC2026_0542,Czechia,Iraq,WC-2026,T-20,CZE,8250.286611837133,1731,"Koubek, Miroslav",Miroslav Koubek,2,0,26,27.620807665982205,0,0,0,WC-2026,T-39,IRQ,11131.48949779042,1582,"Arnold, Graham",Graham Arnold,12,1,26,27.154530616542935,0,0,0
WC2026_0543,Czechia,Ivory Coast,WC-2026,T-20,CZE,8250.286611837133,1731,"Koubek, Miroslav",Miroslav Koubek,2,0,26,27.620807665982205,0,0,0,WC-2026,T-42,CIV,9853.150045632055,1627,"Faé, Emerse",Emerse Faé,31,0,26,25.84899699889433,0,0,0
WC2026_0544,Czechia,Japan,WC-2026,T-20,CZE,8250.286611837133,1731,"Koubek, Miroslav",Miroslav Koubek,2,0,26,27.620807665982205,0,0,0,WC-2026,T-44,JPN,9562.526814875126,1878,"Moriyasu, Hajime",Hajime Moriyasu,103,1,26,27.750434370557574,0,13,1
WC2026_0545,Czechia,Jordan,WC-2026,T-20,CZE,8250.286611837133,1731,"Koubek, Miroslav",Miroslav Koubek,2,0,26,27.620807665982205,0,0,0,WC-2026,JOR,JOR,10984.601901755945,1689,"Sellami, Jamel",Jamel Sellami,29,0,26,28.44416363923551,0,0,0
WC2026_0546,Czechia,Mexico,WC-2026,T-20,CZE,8250.286611837133,1731,"Koubek, Miroslav",Miroslav Koubek,2,0,26,27.620807665982205,0,0,0,WC-2026,T-46,MEX,0,1835,"Aguirre, Javier",Javier Aguirre,26,2,26,27.900700257989783,0,10,4
WC2026_0547,Czechia,Morocco,WC-2026,T-20,CZE,8250.286611837133,1731,"Koubek, Miroslav",Miroslav Koubek,2,0,26,27.620807665982205,0,0,0,WC-2026,T-47,MAR,8047.458024689145,1840,"Regragui, Walid",Walid Regragui,49,1,26,26.394566419207077,0,9,3
WC2026_0548,Czechia,Netherlands,WC-2026,T-20,CZE,8250.286611837133,1731,"Koubek, Miroslav",Miroslav Koubek,2,0,26,27.620807665982205,0,0,0,WC-2026,T-48,NLD,7554.561023407048,1959,"Koeman, Ronald",Ronald Koeman,38,0,26,27.739272363502344,0,11,1
WC2026_0549,Czechia,New Zealand,WC-2026,T-20,CZE,8250.286611837133,1731,"Koubek, Miroslav",Miroslav Koubek,2,0,26,27.620807665982205,0,0,0,WC-2026,T-49,NZL,12567.39014190728,1585,"Bazeley, Darren",Darren Bazeley,32,0,26,28.11793818775338,0,2,0
WC2026_0550,Czechia,Norway,WC-2026,T-20,CZE,8250.286611837133,1731,"Koubek, Miroslav",Miroslav Koubek,2,0,26,27.620807665982205,0,0,0,WC-2026,T-53,NOR,7116.618664157501,1922,"Solbakken, Ståle",Ståle Solbakken,54,0,26,26.804191017743378,0,0,0
WC2026_0551,Czechia,Panama,WC-2026,T-20,CZE,8250.286611837133,1731,"Koubek, Miroslav",Miroslav Koubek,2,0,26,27.620807665982205,0,0,0,WC-2026,T-54,PAN,3966.489606135957,1742,"Christiansen, Thomas",Thomas Christiansen,89,0,26,30.426578213025852,0,5,0
WC2026_0552,Czechia,Paraguay,WC-2026,T-20,CZE,8250.286611837133,1731,"Koubek, Miroslav",Miroslav Koubek,2,0,26,27.620807665982205,0,0,0,WC-2026,T-55,PRY,8273.164637737715,1833,"Alfaro, Gustavo",Gustavo Alfaro,19,1,26,29.031011425261937,0,0,0
WC2026_0553,Czechia,Portugal,WC-2026,T-20,CZE,8250.286611837133,1731,"Koubek, Miroslav",Miroslav Koubek,2,0,26,27.620807665982205,0,0,0,WC-2026,T-58,PRT,7492.662634275795,1976,"Martínez, Roberto",Roberto Martínez,38,2,26,28.035276154372664,0,14,3
WC2026_0554,Czechia,Qatar,WC-2026,T-20,CZE,8250.286611837133,1731,"Koubek, Miroslav",Miroslav Koubek,2,0,26,27.620807665982205,0,0,0,WC-2026,T-59,QAT,12201.51654796983,1425,Unknown,Unknown,0,0,26,29.507713368082975,0,12,0
WC2026_0555,Czechia,Saudi Arabia,WC-2026,T-20,CZE,8250.286611837133,1731,"Koubek, Miroslav",Miroslav Koubek,2,0,26,27.620807665982205,0,0,0,WC-2026,T-63,SAU,11783.518070291611,1592,"Renard, Hervé",Hervé Renard,71,2,26,28.5160848733744,0,9,3
WC2026_0556,Czechia,Scotland,WC-2026,T-20,CZE,8250.286611837133,1731,"Koubek, Miroslav",Miroslav Koubek,2,0,26,27.620807665982205,0,0,0,WC-2026,T-64,SCO,6752.840415840782,1790,"Clarke, Stevie",Stevie Clarke,76,0,26,29.20244300531775,0,0,0
WC2026_0557,Czechia,Senegal,WC-2026,T-20,CZE,8250.286611837133,1731,"Koubek, Miroslav",Miroslav Koubek,2,0,26,27.620807665982205,0,0,0,WC-2026,T-65,SEN,8646.942720200805,1807,"Thiaw, Pape",Pape Thiaw,37,0,26,27.087242668351497,0,13,3
WC2026_0558,Czechia,South Africa,WC-2026,T-20,CZE,8250.286611837133,1731,"Koubek, Miroslav",Miroslav Koubek,2,0,26,27.620807665982205,0,0,0,WC-2026,T-70,ZAF,14937.12069749442,1550,"Broos, Hugo",Hugo Broos,55,0,26,26.808403095877427,0,0,0
WC2026_0559,Czechia,South Korea,WC-2026,T-20,CZE,8250.286611837133,1731,"Koubek, Miroslav",Miroslav Koubek,2,0,26,27.620807665982205,0,0,0,WC-2026,T-71,KOR,10196.189406281635,1784,"Hong, Myung-Bo",Myung-Bo Hong,21,1,26,28.06570841889117,0,6,0
WC2026_0560,Czechia,Spain,WC-2026,T-20,CZE,8250.286611837133,1731,"Koubek, Miroslav",Miroslav Koubek,2,0,26,27.620807665982205,0,0,0,WC-2026,T-73,ESP,7746.922852806779,2172,"de La Fuente, Luis",Luis de La Fuente,40,0,26,26.747433264887064,0,6,0
WC2026_0561,Czechia,Sweden,WC-2026,T-20,CZE,8250.286611837133,1731,"Koubek, Miroslav",Miroslav Koubek,2,0,26,27.620807665982205,0,0,0,WC-2026,T-74,SWE,7465.038363914989,1660,"Potter, Graham",Graham Potter,4,0,26,27.557099984204708,0,1,0
WC2026_0562,Czechia,Switzerland,WC-2026,T-20,CZE,8250.286611837133,1731,"Koubek, Miroslav",Miroslav Koubek,2,0,26,27.620807665982205,0,0,0,WC-2026,T-75,CHE,8079.837758395281,1897,"Yakın, Murat",Murat Yakın,57,1,26,28.3070604959722,0,15,4
WC2026_0563,Czechia,Tunisia,WC-2026,T-20,CZE,8250.286611837133,1731,"Koubek, Miroslav",Miroslav Koubek,2,0,26,27.620807665982205,0,0,0,WC-2026,T-79,TUN,9114.63766930202,1615,"Trabelsi, Sami",Sami Trabelsi,19,0,26,26.64465855841626,0,7,2
WC2026_0564,Czechia,Turkey,WC-2026,T-20,CZE,8250.286611837133,1731,"Koubek, Miroslav",Miroslav Koubek,2,0,26,27.620807665982205,0,0,0,WC-2026,T-80,TUR,10136.436627879562,1880,"Montella, Vincenzo",Vincenzo Montella,31,0,26,27.672195019217607,0,0,0
WC2026_0565,Czechia,United States,WC-2026,T-20,CZE,8250.286611837133,1731,"Koubek, Miroslav",Miroslav Koubek,2,0,26,27.620807665982205,0,0,0,WC-2026,T-83,USA,0,1747,"Pochettino, Mauricio",Mauricio Pochettino,24,0,26,26.90496498710051,0,11,0
WC2026_0566,Czechia,Uruguay,WC-2026,T-20,CZE,8250.286611837133,1731,"Koubek, Miroslav",Miroslav Koubek,2,0,26,27.620807665982205,0,0,0,WC-2026,T-84,URY,9282.411359256475,1890,"Bielsa, Marcelo",Marcelo Bielsa,34,2,26,28.742273469172854,0,13,4
WC2026_0567,Czechia,Uzbekistan,WC-2026,T-20,CZE,8250.286611837133,1731,"Koubek, Miroslav",Miroslav Koubek,2,0,26,27.620807665982205,0,0,0,WC-2026,UZB,UZB,10859.4548236802,1735,"Cannavaro, Fabio",Fabio Cannavaro,6,0,26,28.51166219133365,0,0,0
WC2026_0568,Ecuador,Egypt,WC-2026,T-25,ECU,5050.644388665269,1933,"Beccacece, Sebastián",Sebastián Beccacece,18,0,26,26.07760753961986,0,11,1,WC-2026,T-26,EGY,11013.883086682994,1622,"Hassan, Hossam",Hossam Hassan,28,0,26,29.058916442900017,0,2,0
WC2026_0569,Ecuador,England,WC-2026,T-25,ECU,5050.644388665269,1933,"Beccacece, Sebastián",Sebastián Beccacece,18,0,26,26.07760753961986,0,11,1,WC-2026,T-28,ENG,7152.495586801294,2042,"Tuchel, Thomas",Thomas Tuchel,12,0,26,27.144105723161164,0,8,5
WC2026_0570,Ecuador,France,WC-2026,T-25,ECU,5050.644388665269,1933,"Beccacece, Sebastián",Sebastián Beccacece,18,0,26,26.07760753961986,0,11,1,WC-2026,T-30,FRA,7714.672685425144,2062,"Deschamps, Didier",Didier Deschamps,174,3,26,27.00100036855684,0,13,3
WC2026_0571,Ecuador,Germany,WC-2026,T-25,ECU,5050.644388665269,1933,"Beccacece, Sebastián",Sebastián Beccacece,18,0,26,26.07760753961986,0,11,1,WC-2026,T-31,DEU,7888.05221489964,1910,"Nagelsmann, Julian",Julian Nagelsmann,31,0,26,27.97788658979624,0,9,4
WC2026_0572,Ecuador,Ghana,WC-2026,T-25,ECU,5050.644388665269,1933,"Beccacece, Sebastián",Sebastián Beccacece,18,0,26,26.07760753961986,0,11,1,WC-2026,T-32,GHA,10227.032844066958,1509,"Addo, Otto",Otto Addo,34,1,26,26.975201389985784,0,8,1
WC2026_0573,Ecuador,Haiti,WC-2026,T-25,ECU,5050.644388665269,1933,"Beccacece, Sebastián",Sebastián Beccacece,18,0,26,26.07760753961986,0,11,1,WC-2026,T-34,HTI,3531.27062289123,1542,"Migné, Sébastien",Sébastien Migné,22,0,26,27.5778444690149,0,0,0
WC2026_0574,Ecuador,Iran,WC-2026,T-25,ECU,5050.644388665269,1933,"Beccacece, Sebastián",Sebastián Beccacece,18,0,26,26.07760753961986,0,11,1,WC-2026,T-38,IRN,11560.0244652263,1755,"Ghalenoei, Amir",Amir Ghalenoei,43,0,26,30.3325435686832,0,12,9
WC2026_0575,Ecuador,Iraq,WC-2026,T-25,ECU,5050.644388665269,1933,"Beccacece, Sebastián",Sebastián Beccacece,18,0,26,26.07760753961986,0,11,1,WC-2026,T-39,IRQ,11131.48949779042,1582,"Arnold, Graham",Graham Arnold,12,1,26,27.154530616542935,0,0,0
WC2026_0576,Ecuador,Ivory Coast,WC-2026,T-25,ECU,5050.644388665269,1933,"Beccacece, Sebastián",Sebastián Beccacece,18,0,26,26.07760753961986,0,11,1,WC-2026,T-42,CIV,9853.150045632055,1627,"Faé, Emerse",Emerse Faé,31,0,26,25.84899699889433,0,0,0
WC2026_0577,Ecuador,Japan,WC-2026,T-25,ECU,5050.644388665269,1933,"Beccacece, Sebastián",Sebastián Beccacece,18,0,26,26.07760753961986,0,11,1,WC-2026,T-44,JPN,9562.526814875126,1878,"Moriyasu, Hajime",Hajime Moriyasu,103,1,26,27.750434370557574,0,13,1
WC2026_0578,Ecuador,Jordan,WC-2026,T-25,ECU,5050.644388665269,1933,"Beccacece, Sebastián",Sebastián Beccacece,18,0,26,26.07760753961986,0,11,1,WC-2026,JOR,JOR,10984.601901755945,1689,"Sellami, Jamel",Jamel Sellami,29,0,26,28.44416363923551,0,0,0
WC2026_0579,Ecuador,Mexico,WC-2026,T-25,ECU,5050.644388665269,1933,"Beccacece, Sebastián",Sebastián Beccacece,18,0,26,26.07760753961986,0,11,1,WC-2026,T-46,MEX,0,1835,"Aguirre, Javier",Javier Aguirre,26,2,26,27.900700257989783,0,10,4
WC2026_0580,Ecuador,Morocco,WC-2026,T-25,ECU,5050.644388665269,1933,"Beccacece, Sebastián",Sebastián Beccacece,18,0,26,26.07760753961986,0,11,1,WC-2026,T-47,MAR,8047.458024689145,1840,"Regragui, Walid",Walid Regragui,49,1,26,26.394566419207077,0,9,3
WC2026_0581,Ecuador,Netherlands,WC-2026,T-25,ECU,5050.644388665269,1933,"Beccacece, Sebastián",Sebastián Beccacece,18,0,26,26.07760753961986,0,11,1,WC-2026,T-48,NLD,7554.561023407048,1959,"Koeman, Ronald",Ronald Koeman,38,0,26,27.739272363502344,0,11,1
WC2026_0582,Ecuador,New Zealand,WC-2026,T-25,ECU,5050.644388665269,1933,"Beccacece, Sebastián",Sebastián Beccacece,18,0,26,26.07760753961986,0,11,1,WC-2026,T-49,NZL,12567.39014190728,1585,"Bazeley, Darren",Darren Bazeley,32,0,26,28.11793818775338,0,2,0
WC2026_0583,Ecuador,Norway,WC-2026,T-25,ECU,5050.644388665269,1933,"Beccacece, Sebastián",Sebastián Beccacece,18,0,26,26.07760753961986,0,11,1,WC-2026,T-53,NOR,7116.618664157501,1922,"Solbakken, Ståle",Ståle Solbakken,54,0,26,26.804191017743378,0,0,0
WC2026_0584,Ecuador,Panama,WC-2026,T-25,ECU,5050.644388665269,1933,"Beccacece, Sebastián",Sebastián Beccacece,18,0,26,26.07760753961986,0,11,1,WC-2026,T-54,PAN,3966.489606135957,1742,"Christiansen, Thomas",Thomas Christiansen,89,0,26,30.426578213025852,0,5,0
WC2026_0585,Ecuador,Paraguay,WC-2026,T-25,ECU,5050.644388665269,1933,"Beccacece, Sebastián",Sebastián Beccacece,18,0,26,26.07760753961986,0,11,1,WC-2026,T-55,PRY,8273.164637737715,1833,"Alfaro, Gustavo",Gustavo Alfaro,19,1,26,29.031011425261937,0,0,0
WC2026_0586,Ecuador,Portugal,WC-2026,T-25,ECU,5050.644388665269,1933,"Beccacece, Sebastián",Sebastián Beccacece,18,0,26,26.07760753961986,0,11,1,WC-2026,T-58,PRT,7492.662634275795,1976,"Martínez, Roberto",Roberto Martínez,38,2,26,28.035276154372664,0,14,3
WC2026_0587,Ecuador,Qatar,WC-2026,T-25,ECU,5050.644388665269,1933,"Beccacece, Sebastián",Sebastián Beccacece,18,0,26,26.07760753961986,0,11,1,WC-2026,T-59,QAT,12201.51654796983,1425,Unknown,Unknown,0,0,26,29.507713368082975,0,12,0
WC2026_0588,Ecuador,Saudi Arabia,WC-2026,T-25,ECU,5050.644388665269,1933,"Beccacece, Sebastián",Sebastián Beccacece,18,0,26,26.07760753961986,0,11,1,WC-2026,T-63,SAU,11783.518070291611,1592,"Renard, Hervé",Hervé Renard,71,2,26,28.5160848733744,0,9,3
WC2026_0589,Ecuador,Scotland,WC-2026,T-25,ECU,5050.644388665269,1933,"Beccacece, Sebastián",Sebastián Beccacece,18,0,26,26.07760753961986,0,11,1,WC-2026,T-64,SCO,6752.840415840782,1790,"Clarke, Stevie",Stevie Clarke,76,0,26,29.20244300531775,0,0,0
WC2026_0590,Ecuador,Senegal,WC-2026,T-25,ECU,5050.644388665269,1933,"Beccacece, Sebastián",Sebastián Beccacece,18,0,26,26.07760753961986,0,11,1,WC-2026,T-65,SEN,8646.942720200805,1807,"Thiaw, Pape",Pape Thiaw,37,0,26,27.087242668351497,0,13,3
WC2026_0591,Ecuador,South Africa,WC-2026,T-25,ECU,5050.644388665269,1933,"Beccacece, Sebastián",Sebastián Beccacece,18,0,26,26.07760753961986,0,11,1,WC-2026,T-70,ZAF,14937.12069749442,1550,"Broos, Hugo",Hugo Broos,55,0,26,26.808403095877427,0,0,0
WC2026_0592,Ecuador,South Korea,WC-2026,T-25,ECU,5050.644388665269,1933,"Beccacece, Sebastián",Sebastián Beccacece,18,0,26,26.07760753961986,0,11,1,WC-2026,T-71,KOR,10196.189406281635,1784,"Hong, Myung-Bo",Myung-Bo Hong,21,1,26,28.06570841889117,0,6,0
WC2026_0593,Ecuador,Spain,WC-2026,T-25,ECU,5050.644388665269,1933,"Beccacece, Sebastián",Sebastián Beccacece,18,0,26,26.07760753961986,0,11,1,WC-2026,T-73,ESP,7746.922852806779,2172,"de La Fuente, Luis",Luis de La Fuente,40,0,26,26.747433264887064,0,6,0
WC2026_0594,Ecuador,Sweden,WC-2026,T-25,ECU,5050.644388665269,1933,"Beccacece, Sebastián",Sebastián Beccacece,18,0,26,26.07760753961986,0,11,1,WC-2026,T-74,SWE,7465.038363914989,1660,"Potter, Graham",Graham Potter,4,0,26,27.557099984204708,0,1,0
WC2026_0595,Ecuador,Switzerland,WC-2026,T-25,ECU,5050.644388665269,1933,"Beccacece, Sebastián",Sebastián Beccacece,18,0,26,26.07760753961986,0,11,1,WC-2026,T-75,CHE,8079.837758395281,1897,"Yakın, Murat",Murat Yakın,57,1,26,28.3070604959722,0,15,4
WC2026_0596,Ecuador,Tunisia,WC-2026,T-25,ECU,5050.644388665269,1933,"Beccacece, Sebastián",Sebastián Beccacece,18,0,26,26.07760753961986,0,11,1,WC-2026,T-79,TUN,9114.63766930202,1615,"Trabelsi, Sami",Sami Trabelsi,19,0,26,26.64465855841626,0,7,2
WC2026_0597,Ecuador,Turkey,WC-2026,T-25,ECU,5050.644388665269,1933,"Beccacece, Sebastián",Sebastián Beccacece,18,0,26,26.07760753961986,0,11,1,WC-2026,T-80,TUR,10136.436627879562,1880,"Montella, Vincenzo",Vincenzo Montella,31,0,26,27.672195019217607,0,0,0
WC2026_0598,Ecuador,United States,WC-2026,T-25,ECU,5050.644388665269,1933,"Beccacece, Sebastián",Sebastián Beccacece,18,0,26,26.07760753961986,0,11,1,WC-2026,T-83,USA,0,1747,"Pochettino, Mauricio",Mauricio Pochettino,24,0,26,26.90496498710051,0,11,0
WC2026_0599,Ecuador,Uruguay,WC-2026,T-25,ECU,5050.644388665269,1933,"Beccacece, Sebastián",Sebastián Beccacece,18,0,26,26.07760753961986,0,11,1,WC-2026,T-84,URY,9282.411359256475,1890,"Bielsa, Marcelo",Marcelo Bielsa,34,2,26,28.742273469172854,0,13,4
WC2026_0600,Ecuador,Uzbekistan,WC-2026,T-25,ECU,5050.644388665269,1933,"Beccacece, Sebastián",Sebastián Beccacece,18,0,26,26.07760753961986,0,11,1,WC-2026,UZB,UZB,10859.4548236802,1735,"Cannavaro, Fabio",Fabio Cannavaro,6,0,26,28.51166219133365,0,0,0
WC2026_0601,Egypt,England,WC-2026,T-26,EGY,11013.883086682994,1622,"Hassan, Hossam",Hossam Hassan,28,0,26,29.058916442900017,0,2,0,WC-2026,T-28,ENG,7152.495586801294,2042,"Tuchel, Thomas",Thomas Tuchel,12,0,26,27.144105723161164,0,8,5
WC2026_0602,Egypt,France,WC-2026,T-26,EGY,11013.883086682994,1622,"Hassan, Hossam",Hossam Hassan,28,0,26,29.058916442900017,0,2,0,WC-2026,T-30,FRA,7714.672685425144,2062,"Deschamps, Didier",Didier Deschamps,174,3,26,27.00100036855684,0,13,3
WC2026_0603,Egypt,Germany,WC-2026,T-26,EGY,11013.883086682994,1622,"Hassan, Hossam",Hossam Hassan,28,0,26,29.058916442900017,0,2,0,WC-2026,T-31,DEU,7888.05221489964,1910,"Nagelsmann, Julian",Julian Nagelsmann,31,0,26,27.97788658979624,0,9,4
WC2026_0604,Egypt,Ghana,WC-2026,T-26,EGY,11013.883086682994,1622,"Hassan, Hossam",Hossam Hassan,28,0,26,29.058916442900017,0,2,0,WC-2026,T-32,GHA,10227.032844066958,1509,"Addo, Otto",Otto Addo,34,1,26,26.975201389985784,0,8,1
WC2026_0605,Egypt,Haiti,WC-2026,T-26,EGY,11013.883086682994,1622,"Hassan, Hossam",Hossam Hassan,28,0,26,29.058916442900017,0,2,0,WC-2026,T-34,HTI,3531.27062289123,1542,"Migné, Sébastien",Sébastien Migné,22,0,26,27.5778444690149,0,0,0
WC2026_0606,Egypt,Iran,WC-2026,T-26,EGY,11013.883086682994,1622,"Hassan, Hossam",Hossam Hassan,28,0,26,29.058916442900017,0,2,0,WC-2026,T-38,IRN,11560.0244652263,1755,"Ghalenoei, Amir",Amir Ghalenoei,43,0,26,30.3325435686832,0,12,9
WC2026_0607,Egypt,Iraq,WC-2026,T-26,EGY,11013.883086682994,1622,"Hassan, Hossam",Hossam Hassan,28,0,26,29.058916442900017,0,2,0,WC-2026,T-39,IRQ,11131.48949779042,1582,"Arnold, Graham",Graham Arnold,12,1,26,27.154530616542935,0,0,0
WC2026_0608,Egypt,Ivory Coast,WC-2026,T-26,EGY,11013.883086682994,1622,"Hassan, Hossam",Hossam Hassan,28,0,26,29.058916442900017,0,2,0,WC-2026,T-42,CIV,9853.150045632055,1627,"Faé, Emerse",Emerse Faé,31,0,26,25.84899699889433,0,0,0
WC2026_0609,Egypt,Japan,WC-2026,T-26,EGY,11013.883086682994,1622,"Hassan, Hossam",Hossam Hassan,28,0,26,29.058916442900017,0,2,0,WC-2026,T-44,JPN,9562.526814875126,1878,"Moriyasu, Hajime",Hajime Moriyasu,103,1,26,27.750434370557574,0,13,1
WC2026_0610,Egypt,Jordan,WC-2026,T-26,EGY,11013.883086682994,1622,"Hassan, Hossam",Hossam Hassan,28,0,26,29.058916442900017,0,2,0,WC-2026,JOR,JOR,10984.601901755945,1689,"Sellami, Jamel",Jamel Sellami,29,0,26,28.44416363923551,0,0,0
WC2026_0611,Egypt,Mexico,WC-2026,T-26,EGY,11013.883086682994,1622,"Hassan, Hossam",Hossam Hassan,28,0,26,29.058916442900017,0,2,0,WC-2026,T-46,MEX,0,1835,"Aguirre, Javier",Javier Aguirre,26,2,26,27.900700257989783,0,10,4
WC2026_0612,Egypt,Morocco,WC-2026,T-26,EGY,11013.883086682994,1622,"Hassan, Hossam",Hossam Hassan,28,0,26,29.058916442900017,0,2,0,WC-2026,T-47,MAR,8047.458024689145,1840,"Regragui, Walid",Walid Regragui,49,1,26,26.394566419207077,0,9,3
WC2026_0613,Egypt,Netherlands,WC-2026,T-26,EGY,11013.883086682994,1622,"Hassan, Hossam",Hossam Hassan,28,0,26,29.058916442900017,0,2,0,WC-2026,T-48,NLD,7554.561023407048,1959,"Koeman, Ronald",Ronald Koeman,38,0,26,27.739272363502344,0,11,1
WC2026_0614,Egypt,New Zealand,WC-2026,T-26,EGY,11013.883086682994,1622,"Hassan, Hossam",Hossam Hassan,28,0,26,29.058916442900017,0,2,0,WC-2026,T-49,NZL,12567.39014190728,1585,"Bazeley, Darren",Darren Bazeley,32,0,26,28.11793818775338,0,2,0
WC2026_0615,Egypt,Norway,WC-2026,T-26,EGY,11013.883086682994,1622,"Hassan, Hossam",Hossam Hassan,28,0,26,29.058916442900017,0,2,0,WC-2026,T-53,NOR,7116.618664157501,1922,"Solbakken, Ståle",Ståle Solbakken,54,0,26,26.804191017743378,0,0,0
WC2026_0616,Egypt,Panama,WC-2026,T-26,EGY,11013.883086682994,1622,"Hassan, Hossam",Hossam Hassan,28,0,26,29.058916442900017,0,2,0,WC-2026,T-54,PAN,3966.489606135957,1742,"Christiansen, Thomas",Thomas Christiansen,89,0,26,30.426578213025852,0,5,0
WC2026_0617,Egypt,Paraguay,WC-2026,T-26,EGY,11013.883086682994,1622,"Hassan, Hossam",Hossam Hassan,28,0,26,29.058916442900017,0,2,0,WC-2026,T-55,PRY,8273.164637737715,1833,"Alfaro, Gustavo",Gustavo Alfaro,19,1,26,29.031011425261937,0,0,0
WC2026_0618,Egypt,Portugal,WC-2026,T-26,EGY,11013.883086682994,1622,"Hassan, Hossam",Hossam Hassan,28,0,26,29.058916442900017,0,2,0,WC-2026,T-58,PRT,7492.662634275795,1976,"Martínez, Roberto",Roberto Martínez,38,2,26,28.035276154372664,0,14,3
WC2026_0619,Egypt,Qatar,WC-2026,T-26,EGY,11013.883086682994,1622,"Hassan, Hossam",Hossam Hassan,28,0,26,29.058916442900017,0,2,0,WC-2026,T-59,QAT,12201.51654796983,1425,Unknown,Unknown,0,0,26,29.507713368082975,0,12,0
WC2026_0620,Egypt,Saudi Arabia,WC-2026,T-26,EGY,11013.883086682994,1622,"Hassan, Hossam",Hossam Hassan,28,0,26,29.058916442900017,0,2,0,WC-2026,T-63,SAU,11783.518070291611,1592,"Renard, Hervé",Hervé Renard,71,2,26,28.5160848733744,0,9,3
WC2026_0621,Egypt,Scotland,WC-2026,T-26,EGY,11013.883086682994,1622,"Hassan, Hossam",Hossam Hassan,28,0,26,29.058916442900017,0,2,0,WC-2026,T-64,SCO,6752.840415840782,1790,"Clarke, Stevie",Stevie Clarke,76,0,26,29.20244300531775,0,0,0
WC2026_0622,Egypt,Senegal,WC-2026,T-26,EGY,11013.883086682994,1622,"Hassan, Hossam",Hossam Hassan,28,0,26,29.058916442900017,0,2,0,WC-2026,T-65,SEN,8646.942720200805,1807,"Thiaw, Pape",Pape Thiaw,37,0,26,27.087242668351497,0,13,3
WC2026_0623,Egypt,South Africa,WC-2026,T-26,EGY,11013.883086682994,1622,"Hassan, Hossam",Hossam Hassan,28,0,26,29.058916442900017,0,2,0,WC-2026,T-70,ZAF,14937.12069749442,1550,"Broos, Hugo",Hugo Broos,55,0,26,26.808403095877427,0,0,0
WC2026_0624,Egypt,South Korea,WC-2026,T-26,EGY,11013.883086682994,1622,"Hassan, Hossam",Hossam Hassan,28,0,26,29.058916442900017,0,2,0,WC-2026,T-71,KOR,10196.189406281635,1784,"Hong, Myung-Bo",Myung-Bo Hong,21,1,26,28.06570841889117,0,6,0
WC2026_0625,Egypt,Spain,WC-2026,T-26,EGY,11013.883086682994,1622,"Hassan, Hossam",Hossam Hassan,28,0,26,29.058916442900017,0,2,0,WC-2026,T-73,ESP,7746.922852806779,2172,"de La Fuente, Luis",Luis de La Fuente,40,0,26,26.747433264887064,0,6,0
WC2026_0626,Egypt,Sweden,WC-2026,T-26,EGY,11013.883086682994,1622,"Hassan, Hossam",Hossam Hassan,28,0,26,29.058916442900017,0,2,0,WC-2026,T-74,SWE,7465.038363914989,1660,"Potter, Graham",Graham Potter,4,0,26,27.557099984204708,0,1,0
WC2026_0627,Egypt,Switzerland,WC-2026,T-26,EGY,11013.883086682994,1622,"Hassan, Hossam",Hossam Hassan,28,0,26,29.058916442900017,0,2,0,WC-2026,T-75,CHE,8079.837758395281,1897,"Yakın, Murat",Murat Yakın,57,1,26,28.3070604959722,0,15,4
WC2026_0628,Egypt,Tunisia,WC-2026,T-26,EGY,11013.883086682994,1622,"Hassan, Hossam",Hossam Hassan,28,0,26,29.058916442900017,0,2,0,WC-2026,T-79,TUN,9114.63766930202,1615,"Trabelsi, Sami",Sami Trabelsi,19,0,26,26.64465855841626,0,7,2
WC2026_0629,Egypt,Turkey,WC-2026,T-26,EGY,11013.883086682994,1622,"Hassan, Hossam",Hossam Hassan,28,0,26,29.058916442900017,0,2,0,WC-2026,T-80,TUR,10136.436627879562,1880,"Montella, Vincenzo",Vincenzo Montella,31,0,26,27.672195019217607,0,0,0
WC2026_0630,Egypt,United States,WC-2026,T-26,EGY,11013.883086682994,1622,"Hassan, Hossam",Hossam Hassan,28,0,26,29.058916442900017,0,2,0,WC-2026,T-83,USA,0,1747,"Pochettino, Mauricio",Mauricio Pochettino,24,0,26,26.90496498710051,0,11,0
WC2026_0631,Egypt,Uruguay,WC-2026,T-26,EGY,11013.883086682994,1622,"Hassan, Hossam",Hossam Hassan,28,0,26,29.058916442900017,0,2,0,WC-2026,T-84,URY,9282.411359256475,1890,"Bielsa, Marcelo",Marcelo Bielsa,34,2,26,28.742273469172854,0,13,4
WC2026_0632,Egypt,Uzbekistan,WC-2026,T-26,EGY,11013.883086682994,1622,"Hassan, Hossam",Hossam Hassan,28,0,26,29.058916442900017,0,2,0,WC-2026,UZB,UZB,10859.4548236802,1735,"Cannavaro, Fabio",Fabio Cannavaro,6,0,26,28.51166219133365,0,0,0
WC2026_0633,England,France,WC-2026,T-28,ENG,7152.495586801294,2042,"Tuchel, Thomas",Thomas Tuchel,12,0,26,27.144105723161164,0,8,5,WC-2026,T-30,FRA,7714.672685425144,2062,"Deschamps, Didier",Didier Deschamps,174,3,26,27.00100036855684,0,13,3
WC2026_0634,England,Germany,WC-2026,T-28,ENG,7152.495586801294,2042,"Tuchel, Thomas",Thomas Tuchel,12,0,26,27.144105723161164,0,8,5,WC-2026,T-31,DEU,7888.05221489964,1910,"Nagelsmann, Julian",Julian Nagelsmann,31,0,26,27.97788658979624,0,9,4
WC2026_0635,England,Ghana,WC-2026,T-28,ENG,7152.495586801294,2042,"Tuchel, Thomas",Thomas Tuchel,12,0,26,27.144105723161164,0,8,5,WC-2026,T-32,GHA,10227.032844066958,1509,"Addo, Otto",Otto Addo,34,1,26,26.975201389985784,0,8,1
WC2026_0636,England,Haiti,WC-2026,T-28,ENG,7152.495586801294,2042,"Tuchel, Thomas",Thomas Tuchel,12,0,26,27.144105723161164,0,8,5,WC-2026,T-34,HTI,3531.27062289123,1542,"Migné, Sébastien",Sébastien Migné,22,0,26,27.5778444690149,0,0,0
WC2026_0637,England,Iran,WC-2026,T-28,ENG,7152.495586801294,2042,"Tuchel, Thomas",Thomas Tuchel,12,0,26,27.144105723161164,0,8,5,WC-2026,T-38,IRN,11560.0244652263,1755,"Ghalenoei, Amir",Amir Ghalenoei,43,0,26,30.3325435686832,0,12,9
WC2026_0638,England,Iraq,WC-2026,T-28,ENG,7152.495586801294,2042,"Tuchel, Thomas",Thomas Tuchel,12,0,26,27.144105723161164,0,8,5,WC-2026,T-39,IRQ,11131.48949779042,1582,"Arnold, Graham",Graham Arnold,12,1,26,27.154530616542935,0,0,0
WC2026_0639,England,Ivory Coast,WC-2026,T-28,ENG,7152.495586801294,2042,"Tuchel, Thomas",Thomas Tuchel,12,0,26,27.144105723161164,0,8,5,WC-2026,T-42,CIV,9853.150045632055,1627,"Faé, Emerse",Emerse Faé,31,0,26,25.84899699889433,0,0,0
WC2026_0640,England,Japan,WC-2026,T-28,ENG,7152.495586801294,2042,"Tuchel, Thomas",Thomas Tuchel,12,0,26,27.144105723161164,0,8,5,WC-2026,T-44,JPN,9562.526814875126,1878,"Moriyasu, Hajime",Hajime Moriyasu,103,1,26,27.750434370557574,0,13,1
WC2026_0641,England,Jordan,WC-2026,T-28,ENG,7152.495586801294,2042,"Tuchel, Thomas",Thomas Tuchel,12,0,26,27.144105723161164,0,8,5,WC-2026,JOR,JOR,10984.601901755945,1689,"Sellami, Jamel",Jamel Sellami,29,0,26,28.44416363923551,0,0,0
WC2026_0642,England,Mexico,WC-2026,T-28,ENG,7152.495586801294,2042,"Tuchel, Thomas",Thomas Tuchel,12,0,26,27.144105723161164,0,8,5,WC-2026,T-46,MEX,0,1835,"Aguirre, Javier",Javier Aguirre,26,2,26,27.900700257989783,0,10,4
WC2026_0643,England,Morocco,WC-2026,T-28,ENG,7152.495586801294,2042,"Tuchel, Thomas",Thomas Tuchel,12,0,26,27.144105723161164,0,8,5,WC-2026,T-47,MAR,8047.458024689145,1840,"Regragui, Walid",Walid Regragui,49,1,26,26.394566419207077,0,9,3
WC2026_0644,England,Netherlands,WC-2026,T-28,ENG,7152.495586801294,2042,"Tuchel, Thomas",Thomas Tuchel,12,0,26,27.144105723161164,0,8,5,WC-2026,T-48,NLD,7554.561023407048,1959,"Koeman, Ronald",Ronald Koeman,38,0,26,27.739272363502344,0,11,1
WC2026_0645,England,New Zealand,WC-2026,T-28,ENG,7152.495586801294,2042,"Tuchel, Thomas",Thomas Tuchel,12,0,26,27.144105723161164,0,8,5,WC-2026,T-49,NZL,12567.39014190728,1585,"Bazeley, Darren",Darren Bazeley,32,0,26,28.11793818775338,0,2,0
WC2026_0646,England,Norway,WC-2026,T-28,ENG,7152.495586801294,2042,"Tuchel, Thomas",Thomas Tuchel,12,0,26,27.144105723161164,0,8,5,WC-2026,T-53,NOR,7116.618664157501,1922,"Solbakken, Ståle",Ståle Solbakken,54,0,26,26.804191017743378,0,0,0
WC2026_0647,England,Panama,WC-2026,T-28,ENG,7152.495586801294,2042,"Tuchel, Thomas",Thomas Tuchel,12,0,26,27.144105723161164,0,8,5,WC-2026,T-54,PAN,3966.489606135957,1742,"Christiansen, Thomas",Thomas Christiansen,89,0,26,30.426578213025852,0,5,0
WC2026_0648,England,Paraguay,WC-2026,T-28,ENG,7152.495586801294,2042,"Tuchel, Thomas",Thomas Tuchel,12,0,26,27.144105723161164,0,8,5,WC-2026,T-55,PRY,8273.164637737715,1833,"Alfaro, Gustavo",Gustavo Alfaro,19,1,26,29.031011425261937,0,0,0
WC2026_0649,England,Portugal,WC-2026,T-28,ENG,7152.495586801294,2042,"Tuchel, Thomas",Thomas Tuchel,12,0,26,27.144105723161164,0,8,5,WC-2026,T-58,PRT,7492.662634275795,1976,"Martínez, Roberto",Roberto Martínez,38,2,26,28.035276154372664,0,14,3
WC2026_0650,England,Qatar,WC-2026,T-28,ENG,7152.495586801294,2042,"Tuchel, Thomas",Thomas Tuchel,12,0,26,27.144105723161164,0,8,5,WC-2026,T-59,QAT,12201.51654796983,1425,Unknown,Unknown,0,0,26,29.507713368082975,0,12,0
WC2026_0651,England,Saudi Arabia,WC-2026,T-28,ENG,7152.495586801294,2042,"Tuchel, Thomas",Thomas Tuchel,12,0,26,27.144105723161164,0,8,5,WC-2026,T-63,SAU,11783.518070291611,1592,"Renard, Hervé",Hervé Renard,71,2,26,28.5160848733744,0,9,3
WC2026_0652,England,Scotland,WC-2026,T-28,ENG,7152.495586801294,2042,"Tuchel, Thomas",Thomas Tuchel,12,0,26,27.144105723161164,0,8,5,WC-2026,T-64,SCO,6752.840415840782,1790,"Clarke, Stevie",Stevie Clarke,76,0,26,29.20244300531775,0,0,0
WC2026_0653,England,Senegal,WC-2026,T-28,ENG,7152.495586801294,2042,"Tuchel, Thomas",Thomas Tuchel,12,0,26,27.144105723161164,0,8,5,WC-2026,T-65,SEN,8646.942720200805,1807,"Thiaw, Pape",Pape Thiaw,37,0,26,27.087242668351497,0,13,3
WC2026_0654,England,South Africa,WC-2026,T-28,ENG,7152.495586801294,2042,"Tuchel, Thomas",Thomas Tuchel,12,0,26,27.144105723161164,0,8,5,WC-2026,T-70,ZAF,14937.12069749442,1550,"Broos, Hugo",Hugo Broos,55,0,26,26.808403095877427,0,0,0
WC2026_0655,England,South Korea,WC-2026,T-28,ENG,7152.495586801294,2042,"Tuchel, Thomas",Thomas Tuchel,12,0,26,27.144105723161164,0,8,5,WC-2026,T-71,KOR,10196.189406281635,1784,"Hong, Myung-Bo",Myung-Bo Hong,21,1,26,28.06570841889117,0,6,0
WC2026_0656,England,Spain,WC-2026,T-28,ENG,7152.495586801294,2042,"Tuchel, Thomas",Thomas Tuchel,12,0,26,27.144105723161164,0,8,5,WC-2026,T-73,ESP,7746.922852806779,2172,"de La Fuente, Luis",Luis de La Fuente,40,0,26,26.747433264887064,0,6,0
WC2026_0657,England,Sweden,WC-2026,T-28,ENG,7152.495586801294,2042,"Tuchel, Thomas",Thomas Tuchel,12,0,26,27.144105723161164,0,8,5,WC-2026,T-74,SWE,7465.038363914989,1660,"Potter, Graham",Graham Potter,4,0,26,27.557099984204708,0,1,0
WC2026_0658,England,Switzerland,WC-2026,T-28,ENG,7152.495586801294,2042,"Tuchel, Thomas",Thomas Tuchel,12,0,26,27.144105723161164,0,8,5,WC-2026,T-75,CHE,8079.837758395281,1897,"Yakın, Murat",Murat Yakın,57,1,26,28.3070604959722,0,15,4
WC2026_0659,England,Tunisia,WC-2026,T-28,ENG,7152.495586801294,2042,"Tuchel, Thomas",Thomas Tuchel,12,0,26,27.144105723161164,0,8,5,WC-2026,T-79,TUN,9114.63766930202,1615,"Trabelsi, Sami",Sami Trabelsi,19,0,26,26.64465855841626,0,7,2
WC2026_0660,England,Turkey,WC-2026,T-28,ENG,7152.495586801294,2042,"Tuchel, Thomas",Thomas Tuchel,12,0,26,27.144105723161164,0,8,5,WC-2026,T-80,TUR,10136.436627879562,1880,"Montella, Vincenzo",Vincenzo Montella,31,0,26,27.672195019217607,0,0,0
WC2026_0661,England,United States,WC-2026,T-28,ENG,7152.495586801294,2042,"Tuchel, Thomas",Thomas Tuchel,12,0,26,27.144105723161164,0,8,5,WC-2026,T-83,USA,0,1747,"Pochettino, Mauricio",Mauricio Pochettino,24,0,26,26.90496498710051,0,11,0
WC2026_0662,England,Uruguay,WC-2026,T-28,ENG,7152.495586801294,2042,"Tuchel, Thomas",Thomas Tuchel,12,0,26,27.144105723161164,0,8,5,WC-2026,T-84,URY,9282.411359256475,1890,"Bielsa, Marcelo",Marcelo Bielsa,34,2,26,28.742273469172854,0,13,4
WC2026_0663,England,Uzbekistan,WC-2026,T-28,ENG,7152.495586801294,2042,"Tuchel, Thomas",Thomas Tuchel,12,0,26,27.144105723161164,0,8,5,WC-2026,UZB,UZB,10859.4548236802,1735,"Cannavaro, Fabio",Fabio Cannavaro,6,0,26,28.51166219133365,0,0,0
WC2026_0664,France,Germany,WC-2026,T-30,FRA,7714.672685425144,2062,"Deschamps, Didier",Didier Deschamps,174,3,26,27.00100036855684,0,13,3,WC-2026,T-31,DEU,7888.05221489964,1910,"Nagelsmann, Julian",Julian Nagelsmann,31,0,26,27.97788658979624,0,9,4
WC2026_0665,France,Ghana,WC-2026,T-30,FRA,7714.672685425144,2062,"Deschamps, Didier",Didier Deschamps,174,3,26,27.00100036855684,0,13,3,WC-2026,T-32,GHA,10227.032844066958,1509,"Addo, Otto",Otto Addo,34,1,26,26.975201389985784,0,8,1
WC2026_0666,France,Haiti,WC-2026,T-30,FRA,7714.672685425144,2062,"Deschamps, Didier",Didier Deschamps,174,3,26,27.00100036855684,0,13,3,WC-2026,T-34,HTI,3531.27062289123,1542,"Migné, Sébastien",Sébastien Migné,22,0,26,27.5778444690149,0,0,0
WC2026_0667,France,Iran,WC-2026,T-30,FRA,7714.672685425144,2062,"Deschamps, Didier",Didier Deschamps,174,3,26,27.00100036855684,0,13,3,WC-2026,T-38,IRN,11560.0244652263,1755,"Ghalenoei, Amir",Amir Ghalenoei,43,0,26,30.3325435686832,0,12,9
WC2026_0668,France,Iraq,WC-2026,T-30,FRA,7714.672685425144,2062,"Deschamps, Didier",Didier Deschamps,174,3,26,27.00100036855684,0,13,3,WC-2026,T-39,IRQ,11131.48949779042,1582,"Arnold, Graham",Graham Arnold,12,1,26,27.154530616542935,0,0,0
WC2026_0669,France,Ivory Coast,WC-2026,T-30,FRA,7714.672685425144,2062,"Deschamps, Didier",Didier Deschamps,174,3,26,27.00100036855684,0,13,3,WC-2026,T-42,CIV,9853.150045632055,1627,"Faé, Emerse",Emerse Faé,31,0,26,25.84899699889433,0,0,0
WC2026_0670,France,Japan,WC-2026,T-30,FRA,7714.672685425144,2062,"Deschamps, Didier",Didier Deschamps,174,3,26,27.00100036855684,0,13,3,WC-2026,T-44,JPN,9562.526814875126,1878,"Moriyasu, Hajime",Hajime Moriyasu,103,1,26,27.750434370557574,0,13,1
WC2026_0671,France,Jordan,WC-2026,T-30,FRA,7714.672685425144,2062,"Deschamps, Didier",Didier Deschamps,174,3,26,27.00100036855684,0,13,3,WC-2026,JOR,JOR,10984.601901755945,1689,"Sellami, Jamel",Jamel Sellami,29,0,26,28.44416363923551,0,0,0
WC2026_0672,France,Mexico,WC-2026,T-30,FRA,7714.672685425144,2062,"Deschamps, Didier",Didier Deschamps,174,3,26,27.00100036855684,0,13,3,WC-2026,T-46,MEX,0,1835,"Aguirre, Javier",Javier Aguirre,26,2,26,27.900700257989783,0,10,4
WC2026_0673,France,Morocco,WC-2026,T-30,FRA,7714.672685425144,2062,"Deschamps, Didier",Didier Deschamps,174,3,26,27.00100036855684,0,13,3,WC-2026,T-47,MAR,8047.458024689145,1840,"Regragui, Walid",Walid Regragui,49,1,26,26.394566419207077,0,9,3
WC2026_0674,France,Netherlands,WC-2026,T-30,FRA,7714.672685425144,2062,"Deschamps, Didier",Didier Deschamps,174,3,26,27.00100036855684,0,13,3,WC-2026,T-48,NLD,7554.561023407048,1959,"Koeman, Ronald",Ronald Koeman,38,0,26,27.739272363502344,0,11,1
WC2026_0675,France,New Zealand,WC-2026,T-30,FRA,7714.672685425144,2062,"Deschamps, Didier",Didier Deschamps,174,3,26,27.00100036855684,0,13,3,WC-2026,T-49,NZL,12567.39014190728,1585,"Bazeley, Darren",Darren Bazeley,32,0,26,28.11793818775338,0,2,0
WC2026_0676,France,Norway,WC-2026,T-30,FRA,7714.672685425144,2062,"Deschamps, Didier",Didier Deschamps,174,3,26,27.00100036855684,0,13,3,WC-2026,T-53,NOR,7116.618664157501,1922,"Solbakken, Ståle",Ståle Solbakken,54,0,26,26.804191017743378,0,0,0
WC2026_0677,France,Panama,WC-2026,T-30,FRA,7714.672685425144,2062,"Deschamps, Didier",Didier Deschamps,174,3,26,27.00100036855684,0,13,3,WC-2026,T-54,PAN,3966.489606135957,1742,"Christiansen, Thomas",Thomas Christiansen,89,0,26,30.426578213025852,0,5,0
WC2026_0678,France,Paraguay,WC-2026,T-30,FRA,7714.672685425144,2062,"Deschamps, Didier",Didier Deschamps,174,3,26,27.00100036855684,0,13,3,WC-2026,T-55,PRY,8273.164637737715,1833,"Alfaro, Gustavo",Gustavo Alfaro,19,1,26,29.031011425261937,0,0,0
WC2026_0679,France,Portugal,WC-2026,T-30,FRA,7714.672685425144,2062,"Deschamps, Didier",Didier Deschamps,174,3,26,27.00100036855684,0,13,3,WC-2026,T-58,PRT,7492.662634275795,1976,"Martínez, Roberto",Roberto Martínez,38,2,26,28.035276154372664,0,14,3
WC2026_0680,France,Qatar,WC-2026,T-30,FRA,7714.672685425144,2062,"Deschamps, Didier",Didier Deschamps,174,3,26,27.00100036855684,0,13,3,WC-2026,T-59,QAT,12201.51654796983,1425,Unknown,Unknown,0,0,26,29.507713368082975,0,12,0
WC2026_0681,France,Saudi Arabia,WC-2026,T-30,FRA,7714.672685425144,2062,"Deschamps, Didier",Didier Deschamps,174,3,26,27.00100036855684,0,13,3,WC-2026,T-63,SAU,11783.518070291611,1592,"Renard, Hervé",Hervé Renard,71,2,26,28.5160848733744,0,9,3
WC2026_0682,France,Scotland,WC-2026,T-30,FRA,7714.672685425144,2062,"Deschamps, Didier",Didier Deschamps,174,3,26,27.00100036855684,0,13,3,WC-2026,T-64,SCO,6752.840415840782,1790,"Clarke, Stevie",Stevie Clarke,76,0,26,29.20244300531775,0,0,0
WC2026_0683,France,Senegal,WC-2026,T-30,FRA,7714.672685425144,2062,"Deschamps, Didier",Didier Deschamps,174,3,26,27.00100036855684,0,13,3,WC-2026,T-65,SEN,8646.942720200805,1807,"Thiaw, Pape",Pape Thiaw,37,0,26,27.087242668351497,0,13,3
WC2026_0684,France,South Africa,WC-2026,T-30,FRA,7714.672685425144,2062,"Deschamps, Didier",Didier Deschamps,174,3,26,27.00100036855684,0,13,3,WC-2026,T-70,ZAF,14937.12069749442,1550,"Broos, Hugo",Hugo Broos,55,0,26,26.808403095877427,0,0,0
WC2026_0685,France,South Korea,WC-2026,T-30,FRA,7714.672685425144,2062,"Deschamps, Didier",Didier Deschamps,174,3,26,27.00100036855684,0,13,3,WC-2026,T-71,KOR,10196.189406281635,1784,"Hong, Myung-Bo",Myung-Bo Hong,21,1,26,28.06570841889117,0,6,0
WC2026_0686,France,Spain,WC-2026,T-30,FRA,7714.672685425144,2062,"Deschamps, Didier",Didier Deschamps,174,3,26,27.00100036855684,0,13,3,WC-2026,T-73,ESP,7746.922852806779,2172,"de La Fuente, Luis",Luis de La Fuente,40,0,26,26.747433264887064,0,6,0
WC2026_0687,France,Sweden,WC-2026,T-30,FRA,7714.672685425144,2062,"Deschamps, Didier",Didier Deschamps,174,3,26,27.00100036855684,0,13,3,WC-2026,T-74,SWE,7465.038363914989,1660,"Potter, Graham",Graham Potter,4,0,26,27.557099984204708,0,1,0
WC2026_0688,France,Switzerland,WC-2026,T-30,FRA,7714.672685425144,2062,"Deschamps, Didier",Didier Deschamps,174,3,26,27.00100036855684,0,13,3,WC-2026,T-75,CHE,8079.837758395281,1897,"Yakın, Murat",Murat Yakın,57,1,26,28.3070604959722,0,15,4
WC2026_0689,France,Tunisia,WC-2026,T-30,FRA,7714.672685425144,2062,"Deschamps, Didier",Didier Deschamps,174,3,26,27.00100036855684,0,13,3,WC-2026,T-79,TUN,9114.63766930202,1615,"Trabelsi, Sami",Sami Trabelsi,19,0,26,26.64465855841626,0,7,2
WC2026_0690,France,Turkey,WC-2026,T-30,FRA,7714.672685425144,2062,"Deschamps, Didier",Didier Deschamps,174,3,26,27.00100036855684,0,13,3,WC-2026,T-80,TUR,10136.436627879562,1880,"Montella, Vincenzo",Vincenzo Montella,31,0,26,27.672195019217607,0,0,0
WC2026_0691,France,United States,WC-2026,T-30,FRA,7714.672685425144,2062,"Deschamps, Didier",Didier Deschamps,174,3,26,27.00100036855684,0,13,3,WC-2026,T-83,USA,0,1747,"Pochettino, Mauricio",Mauricio Pochettino,24,0,26,26.90496498710051,0,11,0
WC2026_0692,France,Uruguay,WC-2026,T-30,FRA,7714.672685425144,2062,"Deschamps, Didier",Didier Deschamps,174,3,26,27.00100036855684,0,13,3,WC-2026,T-84,URY,9282.411359256475,1890,"Bielsa, Marcelo",Marcelo Bielsa,34,2,26,28.742273469172854,0,13,4
WC2026_0693,France,Uzbekistan,WC-2026,T-30,FRA,7714.672685425144,2062,"Deschamps, Didier",Didier Deschamps,174,3,26,27.00100036855684,0,13,3,WC-2026,UZB,UZB,10859.4548236802,1735,"Cannavaro, Fabio",Fabio Cannavaro,6,0,26,28.51166219133365,0,0,0
WC2026_0694,Germany,Ghana,WC-2026,T-31,DEU,7888.05221489964,1910,"Nagelsmann, Julian",Julian Nagelsmann,31,0,26,27.97788658979624,0,9,4,WC-2026,T-32,GHA,10227.032844066958,1509,"Addo, Otto",Otto Addo,34,1,26,26.975201389985784,0,8,1
WC2026_0695,Germany,Haiti,WC-2026,T-31,DEU,7888.05221489964,1910,"Nagelsmann, Julian",Julian Nagelsmann,31,0,26,27.97788658979624,0,9,4,WC-2026,T-34,HTI,3531.27062289123,1542,"Migné, Sébastien",Sébastien Migné,22,0,26,27.5778444690149,0,0,0
WC2026_0696,Germany,Iran,WC-2026,T-31,DEU,7888.05221489964,1910,"Nagelsmann, Julian",Julian Nagelsmann,31,0,26,27.97788658979624,0,9,4,WC-2026,T-38,IRN,11560.0244652263,1755,"Ghalenoei, Amir",Amir Ghalenoei,43,0,26,30.3325435686832,0,12,9
WC2026_0697,Germany,Iraq,WC-2026,T-31,DEU,7888.05221489964,1910,"Nagelsmann, Julian",Julian Nagelsmann,31,0,26,27.97788658979624,0,9,4,WC-2026,T-39,IRQ,11131.48949779042,1582,"Arnold, Graham",Graham Arnold,12,1,26,27.154530616542935,0,0,0
WC2026_0698,Germany,Ivory Coast,WC-2026,T-31,DEU,7888.05221489964,1910,"Nagelsmann, Julian",Julian Nagelsmann,31,0,26,27.97788658979624,0,9,4,WC-2026,T-42,CIV,9853.150045632055,1627,"Faé, Emerse",Emerse Faé,31,0,26,25.84899699889433,0,0,0
WC2026_0699,Germany,Japan,WC-2026,T-31,DEU,7888.05221489964,1910,"Nagelsmann, Julian",Julian Nagelsmann,31,0,26,27.97788658979624,0,9,4,WC-2026,T-44,JPN,9562.526814875126,1878,"Moriyasu, Hajime",Hajime Moriyasu,103,1,26,27.750434370557574,0,13,1
WC2026_0700,Germany,Jordan,WC-2026,T-31,DEU,7888.05221489964,1910,"Nagelsmann, Julian",Julian Nagelsmann,31,0,26,27.97788658979624,0,9,4,WC-2026,JOR,JOR,10984.601901755945,1689,"Sellami, Jamel",Jamel Sellami,29,0,26,28.44416363923551,0,0,0
WC2026_0701,Germany,Mexico,WC-2026,T-31,DEU,7888.05221489964,1910,"Nagelsmann, Julian",Julian Nagelsmann,31,0,26,27.97788658979624,0,9,4,WC-2026,T-46,MEX,0,1835,"Aguirre, Javier",Javier Aguirre,26,2,26,27.900700257989783,0,10,4
WC2026_0702,Germany,Morocco,WC-2026,T-31,DEU,7888.05221489964,1910,"Nagelsmann, Julian",Julian Nagelsmann,31,0,26,27.97788658979624,0,9,4,WC-2026,T-47,MAR,8047.458024689145,1840,"Regragui, Walid",Walid Regragui,49,1,26,26.394566419207077,0,9,3
WC2026_0703,Germany,Netherlands,WC-2026,T-31,DEU,7888.05221489964,1910,"Nagelsmann, Julian",Julian Nagelsmann,31,0,26,27.97788658979624,0,9,4,WC-2026,T-48,NLD,7554.561023407048,1959,"Koeman, Ronald",Ronald Koeman,38,0,26,27.739272363502344,0,11,1
WC2026_0704,Germany,New Zealand,WC-2026,T-31,DEU,7888.05221489964,1910,"Nagelsmann, Julian",Julian Nagelsmann,31,0,26,27.97788658979624,0,9,4,WC-2026,T-49,NZL,12567.39014190728,1585,"Bazeley, Darren",Darren Bazeley,32,0,26,28.11793818775338,0,2,0
WC2026_0705,Germany,Norway,WC-2026,T-31,DEU,7888.05221489964,1910,"Nagelsmann, Julian",Julian Nagelsmann,31,0,26,27.97788658979624,0,9,4,WC-2026,T-53,NOR,7116.618664157501,1922,"Solbakken, Ståle",Ståle Solbakken,54,0,26,26.804191017743378,0,0,0
WC2026_0706,Germany,Panama,WC-2026,T-31,DEU,7888.05221489964,1910,"Nagelsmann, Julian",Julian Nagelsmann,31,0,26,27.97788658979624,0,9,4,WC-2026,T-54,PAN,3966.489606135957,1742,"Christiansen, Thomas",Thomas Christiansen,89,0,26,30.426578213025852,0,5,0
WC2026_0707,Germany,Paraguay,WC-2026,T-31,DEU,7888.05221489964,1910,"Nagelsmann, Julian",Julian Nagelsmann,31,0,26,27.97788658979624,0,9,4,WC-2026,T-55,PRY,8273.164637737715,1833,"Alfaro, Gustavo",Gustavo Alfaro,19,1,26,29.031011425261937,0,0,0
WC2026_0708,Germany,Portugal,WC-2026,T-31,DEU,7888.05221489964,1910,"Nagelsmann, Julian",Julian Nagelsmann,31,0,26,27.97788658979624,0,9,4,WC-2026,T-58,PRT,7492.662634275795,1976,"Martínez, Roberto",Roberto Martínez,38,2,26,28.035276154372664,0,14,3
WC2026_0709,Germany,Qatar,WC-2026,T-31,DEU,7888.05221489964,1910,"Nagelsmann, Julian",Julian Nagelsmann,31,0,26,27.97788658979624,0,9,4,WC-2026,T-59,QAT,12201.51654796983,1425,Unknown,Unknown,0,0,26,29.507713368082975,0,12,0
WC2026_0710,Germany,Saudi Arabia,WC-2026,T-31,DEU,7888.05221489964,1910,"Nagelsmann, Julian",Julian Nagelsmann,31,0,26,27.97788658979624,0,9,4,WC-2026,T-63,SAU,11783.518070291611,1592,"Renard, Hervé",Hervé Renard,71,2,26,28.5160848733744,0,9,3
WC2026_0711,Germany,Scotland,WC-2026,T-31,DEU,7888.05221489964,1910,"Nagelsmann, Julian",Julian Nagelsmann,31,0,26,27.97788658979624,0,9,4,WC-2026,T-64,SCO,6752.840415840782,1790,"Clarke, Stevie",Stevie Clarke,76,0,26,29.20244300531775,0,0,0
WC2026_0712,Germany,Senegal,WC-2026,T-31,DEU,7888.05221489964,1910,"Nagelsmann, Julian",Julian Nagelsmann,31,0,26,27.97788658979624,0,9,4,WC-2026,T-65,SEN,8646.942720200805,1807,"Thiaw, Pape",Pape Thiaw,37,0,26,27.087242668351497,0,13,3
WC2026_0713,Germany,South Africa,WC-2026,T-31,DEU,7888.05221489964,1910,"Nagelsmann, Julian",Julian Nagelsmann,31,0,26,27.97788658979624,0,9,4,WC-2026,T-70,ZAF,14937.12069749442,1550,"Broos, Hugo",Hugo Broos,55,0,26,26.808403095877427,0,0,0
WC2026_0714,Germany,South Korea,WC-2026,T-31,DEU,7888.05221489964,1910,"Nagelsmann, Julian",Julian Nagelsmann,31,0,26,27.97788658979624,0,9,4,WC-2026,T-71,KOR,10196.189406281635,1784,"Hong, Myung-Bo",Myung-Bo Hong,21,1,26,28.06570841889117,0,6,0
WC2026_0715,Germany,Spain,WC-2026,T-31,DEU,7888.05221489964,1910,"Nagelsmann, Julian",Julian Nagelsmann,31,0,26,27.97788658979624,0,9,4,WC-2026,T-73,ESP,7746.922852806779,2172,"de La Fuente, Luis",Luis de La Fuente,40,0,26,26.747433264887064,0,6,0
WC2026_0716,Germany,Sweden,WC-2026,T-31,DEU,7888.05221489964,1910,"Nagelsmann, Julian",Julian Nagelsmann,31,0,26,27.97788658979624,0,9,4,WC-2026,T-74,SWE,7465.038363914989,1660,"Potter, Graham",Graham Potter,4,0,26,27.557099984204708,0,1,0
WC2026_0717,Germany,Switzerland,WC-2026,T-31,DEU,7888.05221489964,1910,"Nagelsmann, Julian",Julian Nagelsmann,31,0,26,27.97788658979624,0,9,4,WC-2026,T-75,CHE,8079.837758395281,1897,"Yakın, Murat",Murat Yakın,57,1,26,28.3070604959722,0,15,4
WC2026_0718,Germany,Tunisia,WC-2026,T-31,DEU,7888.05221489964,1910,"Nagelsmann, Julian",Julian Nagelsmann,31,0,26,27.97788658979624,0,9,4,WC-2026,T-79,TUN,9114.63766930202,1615,"Trabelsi, Sami",Sami Trabelsi,19,0,26,26.64465855841626,0,7,2
WC2026_0719,Germany,Turkey,WC-2026,T-31,DEU,7888.05221489964,1910,"Nagelsmann, Julian",Julian Nagelsmann,31,0,26,27.97788658979624,0,9,4,WC-2026,T-80,TUR,10136.436627879562,1880,"Montella, Vincenzo",Vincenzo Montella,31,0,26,27.672195019217607,0,0,0
WC2026_0720,Germany,United States,WC-2026,T-31,DEU,7888.05221489964,1910,"Nagelsmann, Julian",Julian Nagelsmann,31,0,26,27.97788658979624,0,9,4,WC-2026,T-83,USA,0,1747,"Pochettino, Mauricio",Mauricio Pochettino,24,0,26,26.90496498710051,0,11,0
WC2026_0721,Germany,Uruguay,WC-2026,T-31,DEU,7888.05221489964,1910,"Nagelsmann, Julian",Julian Nagelsmann,31,0,26,27.97788658979624,0,9,4,WC-2026,T-84,URY,9282.411359256475,1890,"Bielsa, Marcelo",Marcelo Bielsa,34,2,26,28.742273469172854,0,13,4
WC2026_0722,Germany,Uzbekistan,WC-2026,T-31,DEU,7888.05221489964,1910,"Nagelsmann, Julian",Julian Nagelsmann,31,0,26,27.97788658979624,0,9,4,WC-2026,UZB,UZB,10859.4548236802,1735,"Cannavaro, Fabio",Fabio Cannavaro,6,0,26,28.51166219133365,0,0,0
WC2026_0723,Ghana,Haiti,WC-2026,T-32,GHA,10227.032844066958,1509,"Addo, Otto",Otto Addo,34,1,26,26.975201389985784,0,8,1,WC-2026,T-34,HTI,3531.27062289123,1542,"Migné, Sébastien",Sébastien Migné,22,0,26,27.5778444690149,0,0,0
WC2026_0724,Ghana,Iran,WC-2026,T-32,GHA,10227.032844066958,1509,"Addo, Otto",Otto Addo,34,1,26,26.975201389985784,0,8,1,WC-2026,T-38,IRN,11560.0244652263,1755,"Ghalenoei, Amir",Amir Ghalenoei,43,0,26,30.3325435686832,0,12,9
WC2026_0725,Ghana,Iraq,WC-2026,T-32,GHA,10227.032844066958,1509,"Addo, Otto",Otto Addo,34,1,26,26.975201389985784,0,8,1,WC-2026,T-39,IRQ,11131.48949779042,1582,"Arnold, Graham",Graham Arnold,12,1,26,27.154530616542935,0,0,0
WC2026_0726,Ghana,Ivory Coast,WC-2026,T-32,GHA,10227.032844066958,1509,"Addo, Otto",Otto Addo,34,1,26,26.975201389985784,0,8,1,WC-2026,T-42,CIV,9853.150045632055,1627,"Faé, Emerse",Emerse Faé,31,0,26,25.84899699889433,0,0,0
WC2026_0727,Ghana,Japan,WC-2026,T-32,GHA,10227.032844066958,1509,"Addo, Otto",Otto Addo,34,1,26,26.975201389985784,0,8,1,WC-2026,T-44,JPN,9562.526814875126,1878,"Moriyasu, Hajime",Hajime Moriyasu,103,1,26,27.750434370557574,0,13,1
WC2026_0728,Ghana,Jordan,WC-2026,T-32,GHA,10227.032844066958,1509,"Addo, Otto",Otto Addo,34,1,26,26.975201389985784,0,8,1,WC-2026,JOR,JOR,10984.601901755945,1689,"Sellami, Jamel",Jamel Sellami,29,0,26,28.44416363923551,0,0,0
WC2026_0729,Ghana,Mexico,WC-2026,T-32,GHA,10227.032844066958,1509,"Addo, Otto",Otto Addo,34,1,26,26.975201389985784,0,8,1,WC-2026,T-46,MEX,0,1835,"Aguirre, Javier",Javier Aguirre,26,2,26,27.900700257989783,0,10,4
WC2026_0730,Ghana,Morocco,WC-2026,T-32,GHA,10227.032844066958,1509,"Addo, Otto",Otto Addo,34,1,26,26.975201389985784,0,8,1,WC-2026,T-47,MAR,8047.458024689145,1840,"Regragui, Walid",Walid Regragui,49,1,26,26.394566419207077,0,9,3
WC2026_0731,Ghana,Netherlands,WC-2026,T-32,GHA,10227.032844066958,1509,"Addo, Otto",Otto Addo,34,1,26,26.975201389985784,0,8,1,WC-2026,T-48,NLD,7554.561023407048,1959,"Koeman, Ronald",Ronald Koeman,38,0,26,27.739272363502344,0,11,1
WC2026_0732,Ghana,New Zealand,WC-2026,T-32,GHA,10227.032844066958,1509,"Addo, Otto",Otto Addo,34,1,26,26.975201389985784,0,8,1,WC-2026,T-49,NZL,12567.39014190728,1585,"Bazeley, Darren",Darren Bazeley,32,0,26,28.11793818775338,0,2,0
WC2026_0733,Ghana,Norway,WC-2026,T-32,GHA,10227.032844066958,1509,"Addo, Otto",Otto Addo,34,1,26,26.975201389985784,0,8,1,WC-2026,T-53,NOR,7116.618664157501,1922,"Solbakken, Ståle",Ståle Solbakken,54,0,26,26.804191017743378,0,0,0
WC2026_0734,Ghana,Panama,WC-2026,T-32,GHA,10227.032844066958,1509,"Addo, Otto",Otto Addo,34,1,26,26.975201389985784,0,8,1,WC-2026,T-54,PAN,3966.489606135957,1742,"Christiansen, Thomas",Thomas Christiansen,89,0,26,30.426578213025852,0,5,0
WC2026_0735,Ghana,Paraguay,WC-2026,T-32,GHA,10227.032844066958,1509,"Addo, Otto",Otto Addo,34,1,26,26.975201389985784,0,8,1,WC-2026,T-55,PRY,8273.164637737715,1833,"Alfaro, Gustavo",Gustavo Alfaro,19,1,26,29.031011425261937,0,0,0
WC2026_0736,Ghana,Portugal,WC-2026,T-32,GHA,10227.032844066958,1509,"Addo, Otto",Otto Addo,34,1,26,26.975201389985784,0,8,1,WC-2026,T-58,PRT,7492.662634275795,1976,"Martínez, Roberto",Roberto Martínez,38,2,26,28.035276154372664,0,14,3
WC2026_0737,Ghana,Qatar,WC-2026,T-32,GHA,10227.032844066958,1509,"Addo, Otto",Otto Addo,34,1,26,26.975201389985784,0,8,1,WC-2026,T-59,QAT,12201.51654796983,1425,Unknown,Unknown,0,0,26,29.507713368082975,0,12,0
WC2026_0738,Ghana,Saudi Arabia,WC-2026,T-32,GHA,10227.032844066958,1509,"Addo, Otto",Otto Addo,34,1,26,26.975201389985784,0,8,1,WC-2026,T-63,SAU,11783.518070291611,1592,"Renard, Hervé",Hervé Renard,71,2,26,28.5160848733744,0,9,3
WC2026_0739,Ghana,Scotland,WC-2026,T-32,GHA,10227.032844066958,1509,"Addo, Otto",Otto Addo,34,1,26,26.975201389985784,0,8,1,WC-2026,T-64,SCO,6752.840415840782,1790,"Clarke, Stevie",Stevie Clarke,76,0,26,29.20244300531775,0,0,0
WC2026_0740,Ghana,Senegal,WC-2026,T-32,GHA,10227.032844066958,1509,"Addo, Otto",Otto Addo,34,1,26,26.975201389985784,0,8,1,WC-2026,T-65,SEN,8646.942720200805,1807,"Thiaw, Pape",Pape Thiaw,37,0,26,27.087242668351497,0,13,3
WC2026_0741,Ghana,South Africa,WC-2026,T-32,GHA,10227.032844066958,1509,"Addo, Otto",Otto Addo,34,1,26,26.975201389985784,0,8,1,WC-2026,T-70,ZAF,14937.12069749442,1550,"Broos, Hugo",Hugo Broos,55,0,26,26.808403095877427,0,0,0
WC2026_0742,Ghana,South Korea,WC-2026,T-32,GHA,10227.032844066958,1509,"Addo, Otto",Otto Addo,34,1,26,26.975201389985784,0,8,1,WC-2026,T-71,KOR,10196.189406281635,1784,"Hong, Myung-Bo",Myung-Bo Hong,21,1,26,28.06570841889117,0,6,0
WC2026_0743,Ghana,Spain,WC-2026,T-32,GHA,10227.032844066958,1509,"Addo, Otto",Otto Addo,34,1,26,26.975201389985784,0,8,1,WC-2026,T-73,ESP,7746.922852806779,2172,"de La Fuente, Luis",Luis de La Fuente,40,0,26,26.747433264887064,0,6,0
WC2026_0744,Ghana,Sweden,WC-2026,T-32,GHA,10227.032844066958,1509,"Addo, Otto",Otto Addo,34,1,26,26.975201389985784,0,8,1,WC-2026,T-74,SWE,7465.038363914989,1660,"Potter, Graham",Graham Potter,4,0,26,27.557099984204708,0,1,0
WC2026_0745,Ghana,Switzerland,WC-2026,T-32,GHA,10227.032844066958,1509,"Addo, Otto",Otto Addo,34,1,26,26.975201389985784,0,8,1,WC-2026,T-75,CHE,8079.837758395281,1897,"Yakın, Murat",Murat Yakın,57,1,26,28.3070604959722,0,15,4
WC2026_0746,Ghana,Tunisia,WC-2026,T-32,GHA,10227.032844066958,1509,"Addo, Otto",Otto Addo,34,1,26,26.975201389985784,0,8,1,WC-2026,T-79,TUN,9114.63766930202,1615,"Trabelsi, Sami",Sami Trabelsi,19,0,26,26.64465855841626,0,7,2
WC2026_0747,Ghana,Turkey,WC-2026,T-32,GHA,10227.032844066958,1509,"Addo, Otto",Otto Addo,34,1,26,26.975201389985784,0,8,1,WC-2026,T-80,TUR,10136.436627879562,1880,"Montella, Vincenzo",Vincenzo Montella,31,0,26,27.672195019217607,0,0,0
WC2026_0748,Ghana,United States,WC-2026,T-32,GHA,10227.032844066958,1509,"Addo, Otto",Otto Addo,34,1,26,26.975201389985784,0,8,1,WC-2026,T-83,USA,0,1747,"Pochettino, Mauricio",Mauricio Pochettino,24,0,26,26.90496498710051,0,11,0
WC2026_0749,Ghana,Uruguay,WC-2026,T-32,GHA,10227.032844066958,1509,"Addo, Otto",Otto Addo,34,1,26,26.975201389985784,0,8,1,WC-2026,T-84,URY,9282.411359256475,1890,"Bielsa, Marcelo",Marcelo Bielsa,34,2,26,28.742273469172854,0,13,4
WC2026_0750,Ghana,Uzbekistan,WC-2026,T-32,GHA,10227.032844066958,1509,"Addo, Otto",Otto Addo,34,1,26,26.975201389985784,0,8,1,WC-2026,UZB,UZB,10859.4548236802,1735,"Cannavaro, Fabio",Fabio Cannavaro,6,0,26,28.51166219133365,0,0,0
WC2026_0751,Haiti,Iran,WC-2026,T-34,HTI,3531.27062289123,1542,"Migné, Sébastien",Sébastien Migné,22,0,26,27.5778444690149,0,0,0,WC-2026,T-38,IRN,11560.0244652263,1755,"Ghalenoei, Amir",Amir Ghalenoei,43,0,26,30.3325435686832,0,12,9
WC2026_0752,Haiti,Iraq,WC-2026,T-34,HTI,3531.27062289123,1542,"Migné, Sébastien",Sébastien Migné,22,0,26,27.5778444690149,0,0,0,WC-2026,T-39,IRQ,11131.48949779042,1582,"Arnold, Graham",Graham Arnold,12,1,26,27.154530616542935,0,0,0
WC2026_0753,Haiti,Ivory Coast,WC-2026,T-34,HTI,3531.27062289123,1542,"Migné, Sébastien",Sébastien Migné,22,0,26,27.5778444690149,0,0,0,WC-2026,T-42,CIV,9853.150045632055,1627,"Faé, Emerse",Emerse Faé,31,0,26,25.84899699889433,0,0,0
WC2026_0754,Haiti,Japan,WC-2026,T-34,HTI,3531.27062289123,1542,"Migné, Sébastien",Sébastien Migné,22,0,26,27.5778444690149,0,0,0,WC-2026,T-44,JPN,9562.526814875126,1878,"Moriyasu, Hajime",Hajime Moriyasu,103,1,26,27.750434370557574,0,13,1
WC2026_0755,Haiti,Jordan,WC-2026,T-34,HTI,3531.27062289123,1542,"Migné, Sébastien",Sébastien Migné,22,0,26,27.5778444690149,0,0,0,WC-2026,JOR,JOR,10984.601901755945,1689,"Sellami, Jamel",Jamel Sellami,29,0,26,28.44416363923551,0,0,0
WC2026_0756,Haiti,Mexico,WC-2026,T-34,HTI,3531.27062289123,1542,"Migné, Sébastien",Sébastien Migné,22,0,26,27.5778444690149,0,0,0,WC-2026,T-46,MEX,0,1835,"Aguirre, Javier",Javier Aguirre,26,2,26,27.900700257989783,0,10,4
WC2026_0757,Haiti,Morocco,WC-2026,T-34,HTI,3531.27062289123,1542,"Migné, Sébastien",Sébastien Migné,22,0,26,27.5778444690149,0,0,0,WC-2026,T-47,MAR,8047.458024689145,1840,"Regragui, Walid",Walid Regragui,49,1,26,26.394566419207077,0,9,3
WC2026_0758,Haiti,Netherlands,WC-2026,T-34,HTI,3531.27062289123,1542,"Migné, Sébastien",Sébastien Migné,22,0,26,27.5778444690149,0,0,0,WC-2026,T-48,NLD,7554.561023407048,1959,"Koeman, Ronald",Ronald Koeman,38,0,26,27.739272363502344,0,11,1
WC2026_0759,Haiti,New Zealand,WC-2026,T-34,HTI,3531.27062289123,1542,"Migné, Sébastien",Sébastien Migné,22,0,26,27.5778444690149,0,0,0,WC-2026,T-49,NZL,12567.39014190728,1585,"Bazeley, Darren",Darren Bazeley,32,0,26,28.11793818775338,0,2,0
WC2026_0760,Haiti,Norway,WC-2026,T-34,HTI,3531.27062289123,1542,"Migné, Sébastien",Sébastien Migné,22,0,26,27.5778444690149,0,0,0,WC-2026,T-53,NOR,7116.618664157501,1922,"Solbakken, Ståle",Ståle Solbakken,54,0,26,26.804191017743378,0,0,0
WC2026_0761,Haiti,Panama,WC-2026,T-34,HTI,3531.27062289123,1542,"Migné, Sébastien",Sébastien Migné,22,0,26,27.5778444690149,0,0,0,WC-2026,T-54,PAN,3966.489606135957,1742,"Christiansen, Thomas",Thomas Christiansen,89,0,26,30.426578213025852,0,5,0
WC2026_0762,Haiti,Paraguay,WC-2026,T-34,HTI,3531.27062289123,1542,"Migné, Sébastien",Sébastien Migné,22,0,26,27.5778444690149,0,0,0,WC-2026,T-55,PRY,8273.164637737715,1833,"Alfaro, Gustavo",Gustavo Alfaro,19,1,26,29.031011425261937,0,0,0
WC2026_0763,Haiti,Portugal,WC-2026,T-34,HTI,3531.27062289123,1542,"Migné, Sébastien",Sébastien Migné,22,0,26,27.5778444690149,0,0,0,WC-2026,T-58,PRT,7492.662634275795,1976,"Martínez, Roberto",Roberto Martínez,38,2,26,28.035276154372664,0,14,3
WC2026_0764,Haiti,Qatar,WC-2026,T-34,HTI,3531.27062289123,1542,"Migné, Sébastien",Sébastien Migné,22,0,26,27.5778444690149,0,0,0,WC-2026,T-59,QAT,12201.51654796983,1425,Unknown,Unknown,0,0,26,29.507713368082975,0,12,0
WC2026_0765,Haiti,Saudi Arabia,WC-2026,T-34,HTI,3531.27062289123,1542,"Migné, Sébastien",Sébastien Migné,22,0,26,27.5778444690149,0,0,0,WC-2026,T-63,SAU,11783.518070291611,1592,"Renard, Hervé",Hervé Renard,71,2,26,28.5160848733744,0,9,3
WC2026_0766,Haiti,Scotland,WC-2026,T-34,HTI,3531.27062289123,1542,"Migné, Sébastien",Sébastien Migné,22,0,26,27.5778444690149,0,0,0,WC-2026,T-64,SCO,6752.840415840782,1790,"Clarke, Stevie",Stevie Clarke,76,0,26,29.20244300531775,0,0,0
WC2026_0767,Haiti,Senegal,WC-2026,T-34,HTI,3531.27062289123,1542,"Migné, Sébastien",Sébastien Migné,22,0,26,27.5778444690149,0,0,0,WC-2026,T-65,SEN,8646.942720200805,1807,"Thiaw, Pape",Pape Thiaw,37,0,26,27.087242668351497,0,13,3
WC2026_0768,Haiti,South Africa,WC-2026,T-34,HTI,3531.27062289123,1542,"Migné, Sébastien",Sébastien Migné,22,0,26,27.5778444690149,0,0,0,WC-2026,T-70,ZAF,14937.12069749442,1550,"Broos, Hugo",Hugo Broos,55,0,26,26.808403095877427,0,0,0
WC2026_0769,Haiti,South Korea,WC-2026,T-34,HTI,3531.27062289123,1542,"Migné, Sébastien",Sébastien Migné,22,0,26,27.5778444690149,0,0,0,WC-2026,T-71,KOR,10196.189406281635,1784,"Hong, Myung-Bo",Myung-Bo Hong,21,1,26,28.06570841889117,0,6,0
WC2026_0770,Haiti,Spain,WC-2026,T-34,HTI,3531.27062289123,1542,"Migné, Sébastien",Sébastien Migné,22,0,26,27.5778444690149,0,0,0,WC-2026,T-73,ESP,7746.922852806779,2172,"de La Fuente, Luis",Luis de La Fuente,40,0,26,26.747433264887064,0,6,0
WC2026_0771,Haiti,Sweden,WC-2026,T-34,HTI,3531.27062289123,1542,"Migné, Sébastien",Sébastien Migné,22,0,26,27.5778444690149,0,0,0,WC-2026,T-74,SWE,7465.038363914989,1660,"Potter, Graham",Graham Potter,4,0,26,27.557099984204708,0,1,0
WC2026_0772,Haiti,Switzerland,WC-2026,T-34,HTI,3531.27062289123,1542,"Migné, Sébastien",Sébastien Migné,22,0,26,27.5778444690149,0,0,0,WC-2026,T-75,CHE,8079.837758395281,1897,"Yakın, Murat",Murat Yakın,57,1,26,28.3070604959722,0,15,4
WC2026_0773,Haiti,Tunisia,WC-2026,T-34,HTI,3531.27062289123,1542,"Migné, Sébastien",Sébastien Migné,22,0,26,27.5778444690149,0,0,0,WC-2026,T-79,TUN,9114.63766930202,1615,"Trabelsi, Sami",Sami Trabelsi,19,0,26,26.64465855841626,0,7,2
WC2026_0774,Haiti,Turkey,WC-2026,T-34,HTI,3531.27062289123,1542,"Migné, Sébastien",Sébastien Migné,22,0,26,27.5778444690149,0,0,0,WC-2026,T-80,TUR,10136.436627879562,1880,"Montella, Vincenzo",Vincenzo Montella,31,0,26,27.672195019217607,0,0,0
WC2026_0775,Haiti,United States,WC-2026,T-34,HTI,3531.27062289123,1542,"Migné, Sébastien",Sébastien Migné,22,0,26,27.5778444690149,0,0,0,WC-2026,T-83,USA,0,1747,"Pochettino, Mauricio",Mauricio Pochettino,24,0,26,26.90496498710051,0,11,0
WC2026_0776,Haiti,Uruguay,WC-2026,T-34,HTI,3531.27062289123,1542,"Migné, Sébastien",Sébastien Migné,22,0,26,27.5778444690149,0,0,0,WC-2026,T-84,URY,9282.411359256475,1890,"Bielsa, Marcelo",Marcelo Bielsa,34,2,26,28.742273469172854,0,13,4
WC2026_0777,Haiti,Uzbekistan,WC-2026,T-34,HTI,3531.27062289123,1542,"Migné, Sébastien",Sébastien Migné,22,0,26,27.5778444690149,0,0,0,WC-2026,UZB,UZB,10859.4548236802,1735,"Cannavaro, Fabio",Fabio Cannavaro,6,0,26,28.51166219133365,0,0,0
WC2026_0778,Iran,Iraq,WC-2026,T-38,IRN,11560.0244652263,1755,"Ghalenoei, Amir",Amir Ghalenoei,43,0,26,30.3325435686832,0,12,9,WC-2026,T-39,IRQ,11131.48949779042,1582,"Arnold, Graham",Graham Arnold,12,1,26,27.154530616542935,0,0,0
WC2026_0779,Iran,Ivory Coast,WC-2026,T-38,IRN,11560.0244652263,1755,"Ghalenoei, Amir",Amir Ghalenoei,43,0,26,30.3325435686832,0,12,9,WC-2026,T-42,CIV,9853.150045632055,1627,"Faé, Emerse",Emerse Faé,31,0,26,25.84899699889433,0,0,0
WC2026_0780,Iran,Japan,WC-2026,T-38,IRN,11560.0244652263,1755,"Ghalenoei, Amir",Amir Ghalenoei,43,0,26,30.3325435686832,0,12,9,WC-2026,T-44,JPN,9562.526814875126,1878,"Moriyasu, Hajime",Hajime Moriyasu,103,1,26,27.750434370557574,0,13,1
WC2026_0781,Iran,Jordan,WC-2026,T-38,IRN,11560.0244652263,1755,"Ghalenoei, Amir",Amir Ghalenoei,43,0,26,30.3325435686832,0,12,9,WC-2026,JOR,JOR,10984.601901755945,1689,"Sellami, Jamel",Jamel Sellami,29,0,26,28.44416363923551,0,0,0
WC2026_0782,Iran,Mexico,WC-2026,T-38,IRN,11560.0244652263,1755,"Ghalenoei, Amir",Amir Ghalenoei,43,0,26,30.3325435686832,0,12,9,WC-2026,T-46,MEX,0,1835,"Aguirre, Javier",Javier Aguirre,26,2,26,27.900700257989783,0,10,4
WC2026_0783,Iran,Morocco,WC-2026,T-38,IRN,11560.0244652263,1755,"Ghalenoei, Amir",Amir Ghalenoei,43,0,26,30.3325435686832,0,12,9,WC-2026,T-47,MAR,8047.458024689145,1840,"Regragui, Walid",Walid Regragui,49,1,26,26.394566419207077,0,9,3
WC2026_0784,Iran,Netherlands,WC-2026,T-38,IRN,11560.0244652263,1755,"Ghalenoei, Amir",Amir Ghalenoei,43,0,26,30.3325435686832,0,12,9,WC-2026,T-48,NLD,7554.561023407048,1959,"Koeman, Ronald",Ronald Koeman,38,0,26,27.739272363502344,0,11,1
WC2026_0785,Iran,New Zealand,WC-2026,T-38,IRN,11560.0244652263,1755,"Ghalenoei, Amir",Amir Ghalenoei,43,0,26,30.3325435686832,0,12,9,WC-2026,T-49,NZL,12567.39014190728,1585,"Bazeley, Darren",Darren Bazeley,32,0,26,28.11793818775338,0,2,0
WC2026_0786,Iran,Norway,WC-2026,T-38,IRN,11560.0244652263,1755,"Ghalenoei, Amir",Amir Ghalenoei,43,0,26,30.3325435686832,0,12,9,WC-2026,T-53,NOR,7116.618664157501,1922,"Solbakken, Ståle",Ståle Solbakken,54,0,26,26.804191017743378,0,0,0
WC2026_0787,Iran,Panama,WC-2026,T-38,IRN,11560.0244652263,1755,"Ghalenoei, Amir",Amir Ghalenoei,43,0,26,30.3325435686832,0,12,9,WC-2026,T-54,PAN,3966.489606135957,1742,"Christiansen, Thomas",Thomas Christiansen,89,0,26,30.426578213025852,0,5,0
WC2026_0788,Iran,Paraguay,WC-2026,T-38,IRN,11560.0244652263,1755,"Ghalenoei, Amir",Amir Ghalenoei,43,0,26,30.3325435686832,0,12,9,WC-2026,T-55,PRY,8273.164637737715,1833,"Alfaro, Gustavo",Gustavo Alfaro,19,1,26,29.031011425261937,0,0,0
WC2026_0789,Iran,Portugal,WC-2026,T-38,IRN,11560.0244652263,1755,"Ghalenoei, Amir",Amir Ghalenoei,43,0,26,30.3325435686832,0,12,9,WC-2026,T-58,PRT,7492.662634275795,1976,"Martínez, Roberto",Roberto Martínez,38,2,26,28.035276154372664,0,14,3
WC2026_0790,Iran,Qatar,WC-2026,T-38,IRN,11560.0244652263,1755,"Ghalenoei, Amir",Amir Ghalenoei,43,0,26,30.3325435686832,0,12,9,WC-2026,T-59,QAT,12201.51654796983,1425,Unknown,Unknown,0,0,26,29.507713368082975,0,12,0
WC2026_0791,Iran,Saudi Arabia,WC-2026,T-38,IRN,11560.0244652263,1755,"Ghalenoei, Amir",Amir Ghalenoei,43,0,26,30.3325435686832,0,12,9,WC-2026,T-63,SAU,11783.518070291611,1592,"Renard, Hervé",Hervé Renard,71,2,26,28.5160848733744,0,9,3
WC2026_0792,Iran,Scotland,WC-2026,T-38,IRN,11560.0244652263,1755,"Ghalenoei, Amir",Amir Ghalenoei,43,0,26,30.3325435686832,0,12,9,WC-2026,T-64,SCO,6752.840415840782,1790,"Clarke, Stevie",Stevie Clarke,76,0,26,29.20244300531775,0,0,0
WC2026_0793,Iran,Senegal,WC-2026,T-38,IRN,11560.0244652263,1755,"Ghalenoei, Amir",Amir Ghalenoei,43,0,26,30.3325435686832,0,12,9,WC-2026,T-65,SEN,8646.942720200805,1807,"Thiaw, Pape",Pape Thiaw,37,0,26,27.087242668351497,0,13,3
WC2026_0794,Iran,South Africa,WC-2026,T-38,IRN,11560.0244652263,1755,"Ghalenoei, Amir",Amir Ghalenoei,43,0,26,30.3325435686832,0,12,9,WC-2026,T-70,ZAF,14937.12069749442,1550,"Broos, Hugo",Hugo Broos,55,0,26,26.808403095877427,0,0,0
WC2026_0795,Iran,South Korea,WC-2026,T-38,IRN,11560.0244652263,1755,"Ghalenoei, Amir",Amir Ghalenoei,43,0,26,30.3325435686832,0,12,9,WC-2026,T-71,KOR,10196.189406281635,1784,"Hong, Myung-Bo",Myung-Bo Hong,21,1,26,28.06570841889117,0,6,0
WC2026_0796,Iran,Spain,WC-2026,T-38,IRN,11560.0244652263,1755,"Ghalenoei, Amir",Amir Ghalenoei,43,0,26,30.3325435686832,0,12,9,WC-2026,T-73,ESP,7746.922852806779,2172,"de La Fuente, Luis",Luis de La Fuente,40,0,26,26.747433264887064,0,6,0
WC2026_0797,Iran,Sweden,WC-2026,T-38,IRN,11560.0244652263,1755,"Ghalenoei, Amir",Amir Ghalenoei,43,0,26,30.3325435686832,0,12,9,WC-2026,T-74,SWE,7465.038363914989,1660,"Potter, Graham",Graham Potter,4,0,26,27.557099984204708,0,1,0
WC2026_0798,Iran,Switzerland,WC-2026,T-38,IRN,11560.0244652263,1755,"Ghalenoei, Amir",Amir Ghalenoei,43,0,26,30.3325435686832,0,12,9,WC-2026,T-75,CHE,8079.837758395281,1897,"Yakın, Murat",Murat Yakın,57,1,26,28.3070604959722,0,15,4
WC2026_0799,Iran,Tunisia,WC-2026,T-38,IRN,11560.0244652263,1755,"Ghalenoei, Amir",Amir Ghalenoei,43,0,26,30.3325435686832,0,12,9,WC-2026,T-79,TUN,9114.63766930202,1615,"Trabelsi, Sami",Sami Trabelsi,19,0,26,26.64465855841626,0,7,2
WC2026_0800,Iran,Turkey,WC-2026,T-38,IRN,11560.0244652263,1755,"Ghalenoei, Amir",Amir Ghalenoei,43,0,26,30.3325435686832,0,12,9,WC-2026,T-80,TUR,10136.436627879562,1880,"Montella, Vincenzo",Vincenzo Montella,31,0,26,27.672195019217607,0,0,0
WC2026_0801,Iran,United States,WC-2026,T-38,IRN,11560.0244652263,1755,"Ghalenoei, Amir",Amir Ghalenoei,43,0,26,30.3325435686832,0,12,9,WC-2026,T-83,USA,0,1747,"Pochettino, Mauricio",Mauricio Pochettino,24,0,26,26.90496498710051,0,11,0
WC2026_0802,Iran,Uruguay,WC-2026,T-38,IRN,11560.0244652263,1755,"Ghalenoei, Amir",Amir Ghalenoei,43,0,26,30.3325435686832,0,12,9,WC-2026,T-84,URY,9282.411359256475,1890,"Bielsa, Marcelo",Marcelo Bielsa,34,2,26,28.742273469172854,0,13,4
WC2026_0803,Iran,Uzbekistan,WC-2026,T-38,IRN,11560.0244652263,1755,"Ghalenoei, Amir",Amir Ghalenoei,43,0,26,30.3325435686832,0,12,9,WC-2026,UZB,UZB,10859.4548236802,1735,"Cannavaro, Fabio",Fabio Cannavaro,6,0,26,28.51166219133365,0,0,0
WC2026_0804,Iraq,Ivory Coast,WC-2026,T-39,IRQ,11131.48949779042,1582,"Arnold, Graham",Graham Arnold,12,1,26,27.154530616542935,0,0,0,WC-2026,T-42,CIV,9853.150045632055,1627,"Faé, Emerse",Emerse Faé,31,0,26,25.84899699889433,0,0,0
WC2026_0805,Iraq,Japan,WC-2026,T-39,IRQ,11131.48949779042,1582,"Arnold, Graham",Graham Arnold,12,1,26,27.154530616542935,0,0,0,WC-2026,T-44,JPN,9562.526814875126,1878,"Moriyasu, Hajime",Hajime Moriyasu,103,1,26,27.750434370557574,0,13,1
WC2026_0806,Iraq,Jordan,WC-2026,T-39,IRQ,11131.48949779042,1582,"Arnold, Graham",Graham Arnold,12,1,26,27.154530616542935,0,0,0,WC-2026,JOR,JOR,10984.601901755945,1689,"Sellami, Jamel",Jamel Sellami,29,0,26,28.44416363923551,0,0,0
WC2026_0807,Iraq,Mexico,WC-2026,T-39,IRQ,11131.48949779042,1582,"Arnold, Graham",Graham Arnold,12,1,26,27.154530616542935,0,0,0,WC-2026,T-46,MEX,0,1835,"Aguirre, Javier",Javier Aguirre,26,2,26,27.900700257989783,0,10,4
WC2026_0808,Iraq,Morocco,WC-2026,T-39,IRQ,11131.48949779042,1582,"Arnold, Graham",Graham Arnold,12,1,26,27.154530616542935,0,0,0,WC-2026,T-47,MAR,8047.458024689145,1840,"Regragui, Walid",Walid Regragui,49,1,26,26.394566419207077,0,9,3
WC2026_0809,Iraq,Netherlands,WC-2026,T-39,IRQ,11131.48949779042,1582,"Arnold, Graham",Graham Arnold,12,1,26,27.154530616542935,0,0,0,WC-2026,T-48,NLD,7554.561023407048,1959,"Koeman, Ronald",Ronald Koeman,38,0,26,27.739272363502344,0,11,1
WC2026_0810,Iraq,New Zealand,WC-2026,T-39,IRQ,11131.48949779042,1582,"Arnold, Graham",Graham Arnold,12,1,26,27.154530616542935,0,0,0,WC-2026,T-49,NZL,12567.39014190728,1585,"Bazeley, Darren",Darren Bazeley,32,0,26,28.11793818775338,0,2,0
WC2026_0811,Iraq,Norway,WC-2026,T-39,IRQ,11131.48949779042,1582,"Arnold, Graham",Graham Arnold,12,1,26,27.154530616542935,0,0,0,WC-2026,T-53,NOR,7116.618664157501,1922,"Solbakken, Ståle",Ståle Solbakken,54,0,26,26.804191017743378,0,0,0
WC2026_0812,Iraq,Panama,WC-2026,T-39,IRQ,11131.48949779042,1582,"Arnold, Graham",Graham Arnold,12,1,26,27.154530616542935,0,0,0,WC-2026,T-54,PAN,3966.489606135957,1742,"Christiansen, Thomas",Thomas Christiansen,89,0,26,30.426578213025852,0,5,0
WC2026_0813,Iraq,Paraguay,WC-2026,T-39,IRQ,11131.48949779042,1582,"Arnold, Graham",Graham Arnold,12,1,26,27.154530616542935,0,0,0,WC-2026,T-55,PRY,8273.164637737715,1833,"Alfaro, Gustavo",Gustavo Alfaro,19,1,26,29.031011425261937,0,0,0
WC2026_0814,Iraq,Portugal,WC-2026,T-39,IRQ,11131.48949779042,1582,"Arnold, Graham",Graham Arnold,12,1,26,27.154530616542935,0,0,0,WC-2026,T-58,PRT,7492.662634275795,1976,"Martínez, Roberto",Roberto Martínez,38,2,26,28.035276154372664,0,14,3
WC2026_0815,Iraq,Qatar,WC-2026,T-39,IRQ,11131.48949779042,1582,"Arnold, Graham",Graham Arnold,12,1,26,27.154530616542935,0,0,0,WC-2026,T-59,QAT,12201.51654796983,1425,Unknown,Unknown,0,0,26,29.507713368082975,0,12,0
WC2026_0816,Iraq,Saudi Arabia,WC-2026,T-39,IRQ,11131.48949779042,1582,"Arnold, Graham",Graham Arnold,12,1,26,27.154530616542935,0,0,0,WC-2026,T-63,SAU,11783.518070291611,1592,"Renard, Hervé",Hervé Renard,71,2,26,28.5160848733744,0,9,3
WC2026_0817,Iraq,Scotland,WC-2026,T-39,IRQ,11131.48949779042,1582,"Arnold, Graham",Graham Arnold,12,1,26,27.154530616542935,0,0,0,WC-2026,T-64,SCO,6752.840415840782,1790,"Clarke, Stevie",Stevie Clarke,76,0,26,29.20244300531775,0,0,0
WC2026_0818,Iraq,Senegal,WC-2026,T-39,IRQ,11131.48949779042,1582,"Arnold, Graham",Graham Arnold,12,1,26,27.154530616542935,0,0,0,WC-2026,T-65,SEN,8646.942720200805,1807,"Thiaw, Pape",Pape Thiaw,37,0,26,27.087242668351497,0,13,3
WC2026_0819,Iraq,South Africa,WC-2026,T-39,IRQ,11131.48949779042,1582,"Arnold, Graham",Graham Arnold,12,1,26,27.154530616542935,0,0,0,WC-2026,T-70,ZAF,14937.12069749442,1550,"Broos, Hugo",Hugo Broos,55,0,26,26.808403095877427,0,0,0
WC2026_0820,Iraq,South Korea,WC-2026,T-39,IRQ,11131.48949779042,1582,"Arnold, Graham",Graham Arnold,12,1,26,27.154530616542935,0,0,0,WC-2026,T-71,KOR,10196.189406281635,1784,"Hong, Myung-Bo",Myung-Bo Hong,21,1,26,28.06570841889117,0,6,0
WC2026_0821,Iraq,Spain,WC-2026,T-39,IRQ,11131.48949779042,1582,"Arnold, Graham",Graham Arnold,12,1,26,27.154530616542935,0,0,0,WC-2026,T-73,ESP,7746.922852806779,2172,"de La Fuente, Luis",Luis de La Fuente,40,0,26,26.747433264887064,0,6,0
WC2026_0822,Iraq,Sweden,WC-2026,T-39,IRQ,11131.48949779042,1582,"Arnold, Graham",Graham Arnold,12,1,26,27.154530616542935,0,0,0,WC-2026,T-74,SWE,7465.038363914989,1660,"Potter, Graham",Graham Potter,4,0,26,27.557099984204708,0,1,0
WC2026_0823,Iraq,Switzerland,WC-2026,T-39,IRQ,11131.48949779042,1582,"Arnold, Graham",Graham Arnold,12,1,26,27.154530616542935,0,0,0,WC-2026,T-75,CHE,8079.837758395281,1897,"Yakın, Murat",Murat Yakın,57,1,26,28.3070604959722,0,15,4
WC2026_0824,Iraq,Tunisia,WC-2026,T-39,IRQ,11131.48949779042,1582,"Arnold, Graham",Graham Arnold,12,1,26,27.154530616542935,0,0,0,WC-2026,T-79,TUN,9114.63766930202,1615,"Trabelsi, Sami",Sami Trabelsi,19,0,26,26.64465855841626,0,7,2
WC2026_0825,Iraq,Turkey,WC-2026,T-39,IRQ,11131.48949779042,1582,"Arnold, Graham",Graham Arnold,12,1,26,27.154530616542935,0,0,0,WC-2026,T-80,TUR,10136.436627879562,1880,"Montella, Vincenzo",Vincenzo Montella,31,0,26,27.672195019217607,0,0,0
WC2026_0826,Iraq,United States,WC-2026,T-39,IRQ,11131.48949779042,1582,"Arnold, Graham",Graham Arnold,12,1,26,27.154530616542935,0,0,0,WC-2026,T-83,USA,0,1747,"Pochettino, Mauricio",Mauricio Pochettino,24,0,26,26.90496498710051,0,11,0
WC2026_0827,Iraq,Uruguay,WC-2026,T-39,IRQ,11131.48949779042,1582,"Arnold, Graham",Graham Arnold,12,1,26,27.154530616542935,0,0,0,WC-2026,T-84,URY,9282.411359256475,1890,"Bielsa, Marcelo",Marcelo Bielsa,34,2,26,28.742273469172854,0,13,4
WC2026_0828,Iraq,Uzbekistan,WC-2026,T-39,IRQ,11131.48949779042,1582,"Arnold, Graham",Graham Arnold,12,1,26,27.154530616542935,0,0,0,WC-2026,UZB,UZB,10859.4548236802,1735,"Cannavaro, Fabio",Fabio Cannavaro,6,0,26,28.51166219133365,0,0,0
WC2026_0829,Ivory Coast,Japan,WC-2026,T-42,CIV,9853.150045632055,1627,"Faé, Emerse",Emerse Faé,31,0,26,25.84899699889433,0,0,0,WC-2026,T-44,JPN,9562.526814875126,1878,"Moriyasu, Hajime",Hajime Moriyasu,103,1,26,27.750434370557574,0,13,1
WC2026_0830,Ivory Coast,Jordan,WC-2026,T-42,CIV,9853.150045632055,1627,"Faé, Emerse",Emerse Faé,31,0,26,25.84899699889433,0,0,0,WC-2026,JOR,JOR,10984.601901755945,1689,"Sellami, Jamel",Jamel Sellami,29,0,26,28.44416363923551,0,0,0
WC2026_0831,Ivory Coast,Mexico,WC-2026,T-42,CIV,9853.150045632055,1627,"Faé, Emerse",Emerse Faé,31,0,26,25.84899699889433,0,0,0,WC-2026,T-46,MEX,0,1835,"Aguirre, Javier",Javier Aguirre,26,2,26,27.900700257989783,0,10,4
WC2026_0832,Ivory Coast,Morocco,WC-2026,T-42,CIV,9853.150045632055,1627,"Faé, Emerse",Emerse Faé,31,0,26,25.84899699889433,0,0,0,WC-2026,T-47,MAR,8047.458024689145,1840,"Regragui, Walid",Walid Regragui,49,1,26,26.394566419207077,0,9,3
WC2026_0833,Ivory Coast,Netherlands,WC-2026,T-42,CIV,9853.150045632055,1627,"Faé, Emerse",Emerse Faé,31,0,26,25.84899699889433,0,0,0,WC-2026,T-48,NLD,7554.561023407048,1959,"Koeman, Ronald",Ronald Koeman,38,0,26,27.739272363502344,0,11,1
WC2026_0834,Ivory Coast,New Zealand,WC-2026,T-42,CIV,9853.150045632055,1627,"Faé, Emerse",Emerse Faé,31,0,26,25.84899699889433,0,0,0,WC-2026,T-49,NZL,12567.39014190728,1585,"Bazeley, Darren",Darren Bazeley,32,0,26,28.11793818775338,0,2,0
WC2026_0835,Ivory Coast,Norway,WC-2026,T-42,CIV,9853.150045632055,1627,"Faé, Emerse",Emerse Faé,31,0,26,25.84899699889433,0,0,0,WC-2026,T-53,NOR,7116.618664157501,1922,"Solbakken, Ståle",Ståle Solbakken,54,0,26,26.804191017743378,0,0,0
WC2026_0836,Ivory Coast,Panama,WC-2026,T-42,CIV,9853.150045632055,1627,"Faé, Emerse",Emerse Faé,31,0,26,25.84899699889433,0,0,0,WC-2026,T-54,PAN,3966.489606135957,1742,"Christiansen, Thomas",Thomas Christiansen,89,0,26,30.426578213025852,0,5,0
WC2026_0837,Ivory Coast,Paraguay,WC-2026,T-42,CIV,9853.150045632055,1627,"Faé, Emerse",Emerse Faé,31,0,26,25.84899699889433,0,0,0,WC-2026,T-55,PRY,8273.164637737715,1833,"Alfaro, Gustavo",Gustavo Alfaro,19,1,26,29.031011425261937,0,0,0
WC2026_0838,Ivory Coast,Portugal,WC-2026,T-42,CIV,9853.150045632055,1627,"Faé, Emerse",Emerse Faé,31,0,26,25.84899699889433,0,0,0,WC-2026,T-58,PRT,7492.662634275795,1976,"Martínez, Roberto",Roberto Martínez,38,2,26,28.035276154372664,0,14,3
WC2026_0839,Ivory Coast,Qatar,WC-2026,T-42,CIV,9853.150045632055,1627,"Faé, Emerse",Emerse Faé,31,0,26,25.84899699889433,0,0,0,WC-2026,T-59,QAT,12201.51654796983,1425,Unknown,Unknown,0,0,26,29.507713368082975,0,12,0
WC2026_0840,Ivory Coast,Saudi Arabia,WC-2026,T-42,CIV,9853.150045632055,1627,"Faé, Emerse",Emerse Faé,31,0,26,25.84899699889433,0,0,0,WC-2026,T-63,SAU,11783.518070291611,1592,"Renard, Hervé",Hervé Renard,71,2,26,28.5160848733744,0,9,3
WC2026_0841,Ivory Coast,Scotland,WC-2026,T-42,CIV,9853.150045632055,1627,"Faé, Emerse",Emerse Faé,31,0,26,25.84899699889433,0,0,0,WC-2026,T-64,SCO,6752.840415840782,1790,"Clarke, Stevie",Stevie Clarke,76,0,26,29.20244300531775,0,0,0
WC2026_0842,Ivory Coast,Senegal,WC-2026,T-42,CIV,9853.150045632055,1627,"Faé, Emerse",Emerse Faé,31,0,26,25.84899699889433,0,0,0,WC-2026,T-65,SEN,8646.942720200805,1807,"Thiaw, Pape",Pape Thiaw,37,0,26,27.087242668351497,0,13,3
WC2026_0843,Ivory Coast,South Africa,WC-2026,T-42,CIV,9853.150045632055,1627,"Faé, Emerse",Emerse Faé,31,0,26,25.84899699889433,0,0,0,WC-2026,T-70,ZAF,14937.12069749442,1550,"Broos, Hugo",Hugo Broos,55,0,26,26.808403095877427,0,0,0
WC2026_0844,Ivory Coast,South Korea,WC-2026,T-42,CIV,9853.150045632055,1627,"Faé, Emerse",Emerse Faé,31,0,26,25.84899699889433,0,0,0,WC-2026,T-71,KOR,10196.189406281635,1784,"Hong, Myung-Bo",Myung-Bo Hong,21,1,26,28.06570841889117,0,6,0
WC2026_0845,Ivory Coast,Spain,WC-2026,T-42,CIV,9853.150045632055,1627,"Faé, Emerse",Emerse Faé,31,0,26,25.84899699889433,0,0,0,WC-2026,T-73,ESP,7746.922852806779,2172,"de La Fuente, Luis",Luis de La Fuente,40,0,26,26.747433264887064,0,6,0
WC2026_0846,Ivory Coast,Sweden,WC-2026,T-42,CIV,9853.150045632055,1627,"Faé, Emerse",Emerse Faé,31,0,26,25.84899699889433,0,0,0,WC-2026,T-74,SWE,7465.038363914989,1660,"Potter, Graham",Graham Potter,4,0,26,27.557099984204708,0,1,0
WC2026_0847,Ivory Coast,Switzerland,WC-2026,T-42,CIV,9853.150045632055,1627,"Faé, Emerse",Emerse Faé,31,0,26,25.84899699889433,0,0,0,WC-2026,T-75,CHE,8079.837758395281,1897,"Yakın, Murat",Murat Yakın,57,1,26,28.3070604959722,0,15,4
WC2026_0848,Ivory Coast,Tunisia,WC-2026,T-42,CIV,9853.150045632055,1627,"Faé, Emerse",Emerse Faé,31,0,26,25.84899699889433,0,0,0,WC-2026,T-79,TUN,9114.63766930202,1615,"Trabelsi, Sami",Sami Trabelsi,19,0,26,26.64465855841626,0,7,2
WC2026_0849,Ivory Coast,Turkey,WC-2026,T-42,CIV,9853.150045632055,1627,"Faé, Emerse",Emerse Faé,31,0,26,25.84899699889433,0,0,0,WC-2026,T-80,TUR,10136.436627879562,1880,"Montella, Vincenzo",Vincenzo Montella,31,0,26,27.672195019217607,0,0,0
WC2026_0850,Ivory Coast,United States,WC-2026,T-42,CIV,9853.150045632055,1627,"Faé, Emerse",Emerse Faé,31,0,26,25.84899699889433,0,0,0,WC-2026,T-83,USA,0,1747,"Pochettino, Mauricio",Mauricio Pochettino,24,0,26,26.90496498710051,0,11,0
WC2026_0851,Ivory Coast,Uruguay,WC-2026,T-42,CIV,9853.150045632055,1627,"Faé, Emerse",Emerse Faé,31,0,26,25.84899699889433,0,0,0,WC-2026,T-84,URY,9282.411359256475,1890,"Bielsa, Marcelo",Marcelo Bielsa,34,2,26,28.742273469172854,0,13,4
WC2026_0852,Ivory Coast,Uzbekistan,WC-2026,T-42,CIV,9853.150045632055,1627,"Faé, Emerse",Emerse Faé,31,0,26,25.84899699889433,0,0,0,WC-2026,UZB,UZB,10859.4548236802,1735,"Cannavaro, Fabio",Fabio Cannavaro,6,0,26,28.51166219133365,0,0,0
WC2026_0853,Japan,Jordan,WC-2026,T-44,JPN,9562.526814875126,1878,"Moriyasu, Hajime",Hajime Moriyasu,103,1,26,27.750434370557574,0,13,1,WC-2026,JOR,JOR,10984.601901755945,1689,"Sellami, Jamel",Jamel Sellami,29,0,26,28.44416363923551,0,0,0
WC2026_0854,Japan,Mexico,WC-2026,T-44,JPN,9562.526814875126,1878,"Moriyasu, Hajime",Hajime Moriyasu,103,1,26,27.750434370557574,0,13,1,WC-2026,T-46,MEX,0,1835,"Aguirre, Javier",Javier Aguirre,26,2,26,27.900700257989783,0,10,4
WC2026_0855,Japan,Morocco,WC-2026,T-44,JPN,9562.526814875126,1878,"Moriyasu, Hajime",Hajime Moriyasu,103,1,26,27.750434370557574,0,13,1,WC-2026,T-47,MAR,8047.458024689145,1840,"Regragui, Walid",Walid Regragui,49,1,26,26.394566419207077,0,9,3
WC2026_0856,Japan,Netherlands,WC-2026,T-44,JPN,9562.526814875126,1878,"Moriyasu, Hajime",Hajime Moriyasu,103,1,26,27.750434370557574,0,13,1,WC-2026,T-48,NLD,7554.561023407048,1959,"Koeman, Ronald",Ronald Koeman,38,0,26,27.739272363502344,0,11,1
WC2026_0857,Japan,New Zealand,WC-2026,T-44,JPN,9562.526814875126,1878,"Moriyasu, Hajime",Hajime Moriyasu,103,1,26,27.750434370557574,0,13,1,WC-2026,T-49,NZL,12567.39014190728,1585,"Bazeley, Darren",Darren Bazeley,32,0,26,28.11793818775338,0,2,0
WC2026_0858,Japan,Norway,WC-2026,T-44,JPN,9562.526814875126,1878,"Moriyasu, Hajime",Hajime Moriyasu,103,1,26,27.750434370557574,0,13,1,WC-2026,T-53,NOR,7116.618664157501,1922,"Solbakken, Ståle",Ståle Solbakken,54,0,26,26.804191017743378,0,0,0
WC2026_0859,Japan,Panama,WC-2026,T-44,JPN,9562.526814875126,1878,"Moriyasu, Hajime",Hajime Moriyasu,103,1,26,27.750434370557574,0,13,1,WC-2026,T-54,PAN,3966.489606135957,1742,"Christiansen, Thomas",Thomas Christiansen,89,0,26,30.426578213025852,0,5,0
WC2026_0860,Japan,Paraguay,WC-2026,T-44,JPN,9562.526814875126,1878,"Moriyasu, Hajime",Hajime Moriyasu,103,1,26,27.750434370557574,0,13,1,WC-2026,T-55,PRY,8273.164637737715,1833,"Alfaro, Gustavo",Gustavo Alfaro,19,1,26,29.031011425261937,0,0,0
WC2026_0861,Japan,Portugal,WC-2026,T-44,JPN,9562.526814875126,1878,"Moriyasu, Hajime",Hajime Moriyasu,103,1,26,27.750434370557574,0,13,1,WC-2026,T-58,PRT,7492.662634275795,1976,"Martínez, Roberto",Roberto Martínez,38,2,26,28.035276154372664,0,14,3
WC2026_0862,Japan,Qatar,WC-2026,T-44,JPN,9562.526814875126,1878,"Moriyasu, Hajime",Hajime Moriyasu,103,1,26,27.750434370557574,0,13,1,WC-2026,T-59,QAT,12201.51654796983,1425,Unknown,Unknown,0,0,26,29.507713368082975,0,12,0
WC2026_0863,Japan,Saudi Arabia,WC-2026,T-44,JPN,9562.526814875126,1878,"Moriyasu, Hajime",Hajime Moriyasu,103,1,26,27.750434370557574,0,13,1,WC-2026,T-63,SAU,11783.518070291611,1592,"Renard, Hervé",Hervé Renard,71,2,26,28.5160848733744,0,9,3
WC2026_0864,Japan,Scotland,WC-2026,T-44,JPN,9562.526814875126,1878,"Moriyasu, Hajime",Hajime Moriyasu,103,1,26,27.750434370557574,0,13,1,WC-2026,T-64,SCO,6752.840415840782,1790,"Clarke, Stevie",Stevie Clarke,76,0,26,29.20244300531775,0,0,0
WC2026_0865,Japan,Senegal,WC-2026,T-44,JPN,9562.526814875126,1878,"Moriyasu, Hajime",Hajime Moriyasu,103,1,26,27.750434370557574,0,13,1,WC-2026,T-65,SEN,8646.942720200805,1807,"Thiaw, Pape",Pape Thiaw,37,0,26,27.087242668351497,0,13,3
WC2026_0866,Japan,South Africa,WC-2026,T-44,JPN,9562.526814875126,1878,"Moriyasu, Hajime",Hajime Moriyasu,103,1,26,27.750434370557574,0,13,1,WC-2026,T-70,ZAF,14937.12069749442,1550,"Broos, Hugo",Hugo Broos,55,0,26,26.808403095877427,0,0,0
WC2026_0867,Japan,South Korea,WC-2026,T-44,JPN,9562.526814875126,1878,"Moriyasu, Hajime",Hajime Moriyasu,103,1,26,27.750434370557574,0,13,1,WC-2026,T-71,KOR,10196.189406281635,1784,"Hong, Myung-Bo",Myung-Bo Hong,21,1,26,28.06570841889117,0,6,0
WC2026_0868,Japan,Spain,WC-2026,T-44,JPN,9562.526814875126,1878,"Moriyasu, Hajime",Hajime Moriyasu,103,1,26,27.750434370557574,0,13,1,WC-2026,T-73,ESP,7746.922852806779,2172,"de La Fuente, Luis",Luis de La Fuente,40,0,26,26.747433264887064,0,6,0
WC2026_0869,Japan,Sweden,WC-2026,T-44,JPN,9562.526814875126,1878,"Moriyasu, Hajime",Hajime Moriyasu,103,1,26,27.750434370557574,0,13,1,WC-2026,T-74,SWE,7465.038363914989,1660,"Potter, Graham",Graham Potter,4,0,26,27.557099984204708,0,1,0
WC2026_0870,Japan,Switzerland,WC-2026,T-44,JPN,9562.526814875126,1878,"Moriyasu, Hajime",Hajime Moriyasu,103,1,26,27.750434370557574,0,13,1,WC-2026,T-75,CHE,8079.837758395281,1897,"Yakın, Murat",Murat Yakın,57,1,26,28.3070604959722,0,15,4
WC2026_0871,Japan,Tunisia,WC-2026,T-44,JPN,9562.526814875126,1878,"Moriyasu, Hajime",Hajime Moriyasu,103,1,26,27.750434370557574,0,13,1,WC-2026,T-79,TUN,9114.63766930202,1615,"Trabelsi, Sami",Sami Trabelsi,19,0,26,26.64465855841626,0,7,2
WC2026_0872,Japan,Turkey,WC-2026,T-44,JPN,9562.526814875126,1878,"Moriyasu, Hajime",Hajime Moriyasu,103,1,26,27.750434370557574,0,13,1,WC-2026,T-80,TUR,10136.436627879562,1880,"Montella, Vincenzo",Vincenzo Montella,31,0,26,27.672195019217607,0,0,0
WC2026_0873,Japan,United States,WC-2026,T-44,JPN,9562.526814875126,1878,"Moriyasu, Hajime",Hajime Moriyasu,103,1,26,27.750434370557574,0,13,1,WC-2026,T-83,USA,0,1747,"Pochettino, Mauricio",Mauricio Pochettino,24,0,26,26.90496498710051,0,11,0
WC2026_0874,Japan,Uruguay,WC-2026,T-44,JPN,9562.526814875126,1878,"Moriyasu, Hajime",Hajime Moriyasu,103,1,26,27.750434370557574,0,13,1,WC-2026,T-84,URY,9282.411359256475,1890,"Bielsa, Marcelo",Marcelo Bielsa,34,2,26,28.742273469172854,0,13,4
WC2026_0875,Japan,Uzbekistan,WC-2026,T-44,JPN,9562.526814875126,1878,"Moriyasu, Hajime",Hajime Moriyasu,103,1,26,27.750434370557574,0,13,1,WC-2026,UZB,UZB,10859.4548236802,1735,"Cannavaro, Fabio",Fabio Cannavaro,6,0,26,28.51166219133365,0,0,0
WC2026_0876,Jordan,Mexico,WC-2026,JOR,JOR,10984.601901755945,1689,"Sellami, Jamel",Jamel Sellami,29,0,26,28.44416363923551,0,0,0,WC-2026,T-46,MEX,0,1835,"Aguirre, Javier",Javier Aguirre,26,2,26,27.900700257989783,0,10,4
WC2026_0877,Jordan,Morocco,WC-2026,JOR,JOR,10984.601901755945,1689,"Sellami, Jamel",Jamel Sellami,29,0,26,28.44416363923551,0,0,0,WC-2026,T-47,MAR,8047.458024689145,1840,"Regragui, Walid",Walid Regragui,49,1,26,26.394566419207077,0,9,3
WC2026_0878,Jordan,Netherlands,WC-2026,JOR,JOR,10984.601901755945,1689,"Sellami, Jamel",Jamel Sellami,29,0,26,28.44416363923551,0,0,0,WC-2026,T-48,NLD,7554.561023407048,1959,"Koeman, Ronald",Ronald Koeman,38,0,26,27.739272363502344,0,11,1
WC2026_0879,Jordan,New Zealand,WC-2026,JOR,JOR,10984.601901755945,1689,"Sellami, Jamel",Jamel Sellami,29,0,26,28.44416363923551,0,0,0,WC-2026,T-49,NZL,12567.39014190728,1585,"Bazeley, Darren",Darren Bazeley,32,0,26,28.11793818775338,0,2,0
WC2026_0880,Jordan,Norway,WC-2026,JOR,JOR,10984.601901755945,1689,"Sellami, Jamel",Jamel Sellami,29,0,26,28.44416363923551,0,0,0,WC-2026,T-53,NOR,7116.618664157501,1922,"Solbakken, Ståle",Ståle Solbakken,54,0,26,26.804191017743378,0,0,0
WC2026_0881,Jordan,Panama,WC-2026,JOR,JOR,10984.601901755945,1689,"Sellami, Jamel",Jamel Sellami,29,0,26,28.44416363923551,0,0,0,WC-2026,T-54,PAN,3966.489606135957,1742,"Christiansen, Thomas",Thomas Christiansen,89,0,26,30.426578213025852,0,5,0
WC2026_0882,Jordan,Paraguay,WC-2026,JOR,JOR,10984.601901755945,1689,"Sellami, Jamel",Jamel Sellami,29,0,26,28.44416363923551,0,0,0,WC-2026,T-55,PRY,8273.164637737715,1833,"Alfaro, Gustavo",Gustavo Alfaro,19,1,26,29.031011425261937,0,0,0
WC2026_0883,Jordan,Portugal,WC-2026,JOR,JOR,10984.601901755945,1689,"Sellami, Jamel",Jamel Sellami,29,0,26,28.44416363923551,0,0,0,WC-2026,T-58,PRT,7492.662634275795,1976,"Martínez, Roberto",Roberto Martínez,38,2,26,28.035276154372664,0,14,3
WC2026_0884,Jordan,Qatar,WC-2026,JOR,JOR,10984.601901755945,1689,"Sellami, Jamel",Jamel Sellami,29,0,26,28.44416363923551,0,0,0,WC-2026,T-59,QAT,12201.51654796983,1425,Unknown,Unknown,0,0,26,29.507713368082975,0,12,0
WC2026_0885,Jordan,Saudi Arabia,WC-2026,JOR,JOR,10984.601901755945,1689,"Sellami, Jamel",Jamel Sellami,29,0,26,28.44416363923551,0,0,0,WC-2026,T-63,SAU,11783.518070291611,1592,"Renard, Hervé",Hervé Renard,71,2,26,28.5160848733744,0,9,3
WC2026_0886,Jordan,Scotland,WC-2026,JOR,JOR,10984.601901755945,1689,"Sellami, Jamel",Jamel Sellami,29,0,26,28.44416363923551,0,0,0,WC-2026,T-64,SCO,6752.840415840782,1790,"Clarke, Stevie",Stevie Clarke,76,0,26,29.20244300531775,0,0,0
WC2026_0887,Jordan,Senegal,WC-2026,JOR,JOR,10984.601901755945,1689,"Sellami, Jamel",Jamel Sellami,29,0,26,28.44416363923551,0,0,0,WC-2026,T-65,SEN,8646.942720200805,1807,"Thiaw, Pape",Pape Thiaw,37,0,26,27.087242668351497,0,13,3
WC2026_0888,Jordan,South Africa,WC-2026,JOR,JOR,10984.601901755945,1689,"Sellami, Jamel",Jamel Sellami,29,0,26,28.44416363923551,0,0,0,WC-2026,T-70,ZAF,14937.12069749442,1550,"Broos, Hugo",Hugo Broos,55,0,26,26.808403095877427,0,0,0
WC2026_0889,Jordan,South Korea,WC-2026,JOR,JOR,10984.601901755945,1689,"Sellami, Jamel",Jamel Sellami,29,0,26,28.44416363923551,0,0,0,WC-2026,T-71,KOR,10196.189406281635,1784,"Hong, Myung-Bo",Myung-Bo Hong,21,1,26,28.06570841889117,0,6,0
WC2026_0890,Jordan,Spain,WC-2026,JOR,JOR,10984.601901755945,1689,"Sellami, Jamel",Jamel Sellami,29,0,26,28.44416363923551,0,0,0,WC-2026,T-73,ESP,7746.922852806779,2172,"de La Fuente, Luis",Luis de La Fuente,40,0,26,26.747433264887064,0,6,0
WC2026_0891,Jordan,Sweden,WC-2026,JOR,JOR,10984.601901755945,1689,"Sellami, Jamel",Jamel Sellami,29,0,26,28.44416363923551,0,0,0,WC-2026,T-74,SWE,7465.038363914989,1660,"Potter, Graham",Graham Potter,4,0,26,27.557099984204708,0,1,0
WC2026_0892,Jordan,Switzerland,WC-2026,JOR,JOR,10984.601901755945,1689,"Sellami, Jamel",Jamel Sellami,29,0,26,28.44416363923551,0,0,0,WC-2026,T-75,CHE,8079.837758395281,1897,"Yakın, Murat",Murat Yakın,57,1,26,28.3070604959722,0,15,4
WC2026_0893,Jordan,Tunisia,WC-2026,JOR,JOR,10984.601901755945,1689,"Sellami, Jamel",Jamel Sellami,29,0,26,28.44416363923551,0,0,0,WC-2026,T-79,TUN,9114.63766930202,1615,"Trabelsi, Sami",Sami Trabelsi,19,0,26,26.64465855841626,0,7,2
WC2026_0894,Jordan,Turkey,WC-2026,JOR,JOR,10984.601901755945,1689,"Sellami, Jamel",Jamel Sellami,29,0,26,28.44416363923551,0,0,0,WC-2026,T-80,TUR,10136.436627879562,1880,"Montella, Vincenzo",Vincenzo Montella,31,0,26,27.672195019217607,0,0,0
WC2026_0895,Jordan,United States,WC-2026,JOR,JOR,10984.601901755945,1689,"Sellami, Jamel",Jamel Sellami,29,0,26,28.44416363923551,0,0,0,WC-2026,T-83,USA,0,1747,"Pochettino, Mauricio",Mauricio Pochettino,24,0,26,26.90496498710051,0,11,0
WC2026_0896,Jordan,Uruguay,WC-2026,JOR,JOR,10984.601901755945,1689,"Sellami, Jamel",Jamel Sellami,29,0,26,28.44416363923551,0,0,0,WC-2026,T-84,URY,9282.411359256475,1890,"Bielsa, Marcelo",Marcelo Bielsa,34,2,26,28.742273469172854,0,13,4
WC2026_0897,Jordan,Uzbekistan,WC-2026,JOR,JOR,10984.601901755945,1689,"Sellami, Jamel",Jamel Sellami,29,0,26,28.44416363923551,0,0,0,WC-2026,UZB,UZB,10859.4548236802,1735,"Cannavaro, Fabio",Fabio Cannavaro,6,0,26,28.51166219133365,0,0,0
WC2026_0898,Mexico,Morocco,WC-2026,T-46,MEX,0,1835,"Aguirre, Javier",Javier Aguirre,26,2,26,27.900700257989783,0,10,4,WC-2026,T-47,MAR,8047.458024689145,1840,"Regragui, Walid",Walid Regragui,49,1,26,26.394566419207077,0,9,3
WC2026_0899,Mexico,Netherlands,WC-2026,T-46,MEX,0,1835,"Aguirre, Javier",Javier Aguirre,26,2,26,27.900700257989783,0,10,4,WC-2026,T-48,NLD,7554.561023407048,1959,"Koeman, Ronald",Ronald Koeman,38,0,26,27.739272363502344,0,11,1
WC2026_0900,Mexico,New Zealand,WC-2026,T-46,MEX,0,1835,"Aguirre, Javier",Javier Aguirre,26,2,26,27.900700257989783,0,10,4,WC-2026,T-49,NZL,12567.39014190728,1585,"Bazeley, Darren",Darren Bazeley,32,0,26,28.11793818775338,0,2,0
WC2026_0901,Mexico,Norway,WC-2026,T-46,MEX,0,1835,"Aguirre, Javier",Javier Aguirre,26,2,26,27.900700257989783,0,10,4,WC-2026,T-53,NOR,7116.618664157501,1922,"Solbakken, Ståle",Ståle Solbakken,54,0,26,26.804191017743378,0,0,0
WC2026_0902,Mexico,Panama,WC-2026,T-46,MEX,0,1835,"Aguirre, Javier",Javier Aguirre,26,2,26,27.900700257989783,0,10,4,WC-2026,T-54,PAN,3966.489606135957,1742,"Christiansen, Thomas",Thomas Christiansen,89,0,26,30.426578213025852,0,5,0
WC2026_0903,Mexico,Paraguay,WC-2026,T-46,MEX,0,1835,"Aguirre, Javier",Javier Aguirre,26,2,26,27.900700257989783,0,10,4,WC-2026,T-55,PRY,8273.164637737715,1833,"Alfaro, Gustavo",Gustavo Alfaro,19,1,26,29.031011425261937,0,0,0
WC2026_0904,Mexico,Portugal,WC-2026,T-46,MEX,0,1835,"Aguirre, Javier",Javier Aguirre,26,2,26,27.900700257989783,0,10,4,WC-2026,T-58,PRT,7492.662634275795,1976,"Martínez, Roberto",Roberto Martínez,38,2,26,28.035276154372664,0,14,3
WC2026_0905,Mexico,Qatar,WC-2026,T-46,MEX,0,1835,"Aguirre, Javier",Javier Aguirre,26,2,26,27.900700257989783,0,10,4,WC-2026,T-59,QAT,12201.51654796983,1425,Unknown,Unknown,0,0,26,29.507713368082975,0,12,0
WC2026_0906,Mexico,Saudi Arabia,WC-2026,T-46,MEX,0,1835,"Aguirre, Javier",Javier Aguirre,26,2,26,27.900700257989783,0,10,4,WC-2026,T-63,SAU,11783.518070291611,1592,"Renard, Hervé",Hervé Renard,71,2,26,28.5160848733744,0,9,3
WC2026_0907,Mexico,Scotland,WC-2026,T-46,MEX,0,1835,"Aguirre, Javier",Javier Aguirre,26,2,26,27.900700257989783,0,10,4,WC-2026,T-64,SCO,6752.840415840782,1790,"Clarke, Stevie",Stevie Clarke,76,0,26,29.20244300531775,0,0,0
WC2026_0908,Mexico,Senegal,WC-2026,T-46,MEX,0,1835,"Aguirre, Javier",Javier Aguirre,26,2,26,27.900700257989783,0,10,4,WC-2026,T-65,SEN,8646.942720200805,1807,"Thiaw, Pape",Pape Thiaw,37,0,26,27.087242668351497,0,13,3
WC2026_0909,Mexico,South Africa,WC-2026,T-46,MEX,0,1835,"Aguirre, Javier",Javier Aguirre,26,2,26,27.900700257989783,0,10,4,WC-2026,T-70,ZAF,14937.12069749442,1550,"Broos, Hugo",Hugo Broos,55,0,26,26.808403095877427,0,0,0
WC2026_0910,Mexico,South Korea,WC-2026,T-46,MEX,0,1835,"Aguirre, Javier",Javier Aguirre,26,2,26,27.900700257989783,0,10,4,WC-2026,T-71,KOR,10196.189406281635,1784,"Hong, Myung-Bo",Myung-Bo Hong,21,1,26,28.06570841889117,0,6,0
WC2026_0911,Mexico,Spain,WC-2026,T-46,MEX,0,1835,"Aguirre, Javier",Javier Aguirre,26,2,26,27.900700257989783,0,10,4,WC-2026,T-73,ESP,7746.922852806779,2172,"de La Fuente, Luis",Luis de La Fuente,40,0,26,26.747433264887064,0,6,0
WC2026_0912,Mexico,Sweden,WC-2026,T-46,MEX,0,1835,"Aguirre, Javier",Javier Aguirre,26,2,26,27.900700257989783,0,10,4,WC-2026,T-74,SWE,7465.038363914989,1660,"Potter, Graham",Graham Potter,4,0,26,27.557099984204708,0,1,0
WC2026_0913,Mexico,Switzerland,WC-2026,T-46,MEX,0,1835,"Aguirre, Javier",Javier Aguirre,26,2,26,27.900700257989783,0,10,4,WC-2026,T-75,CHE,8079.837758395281,1897,"Yakın, Murat",Murat Yakın,57,1,26,28.3070604959722,0,15,4
WC2026_0914,Mexico,Tunisia,WC-2026,T-46,MEX,0,1835,"Aguirre, Javier",Javier Aguirre,26,2,26,27.900700257989783,0,10,4,WC-2026,T-79,TUN,9114.63766930202,1615,"Trabelsi, Sami",Sami Trabelsi,19,0,26,26.64465855841626,0,7,2
WC2026_0915,Mexico,Turkey,WC-2026,T-46,MEX,0,1835,"Aguirre, Javier",Javier Aguirre,26,2,26,27.900700257989783,0,10,4,WC-2026,T-80,TUR,10136.436627879562,1880,"Montella, Vincenzo",Vincenzo Montella,31,0,26,27.672195019217607,0,0,0
WC2026_0916,Mexico,United States,WC-2026,T-46,MEX,0,1835,"Aguirre, Javier",Javier Aguirre,26,2,26,27.900700257989783,0,10,4,WC-2026,T-83,USA,0,1747,"Pochettino, Mauricio",Mauricio Pochettino,24,0,26,26.90496498710051,0,11,0
WC2026_0917,Mexico,Uruguay,WC-2026,T-46,MEX,0,1835,"Aguirre, Javier",Javier Aguirre,26,2,26,27.900700257989783,0,10,4,WC-2026,T-84,URY,9282.411359256475,1890,"Bielsa, Marcelo",Marcelo Bielsa,34,2,26,28.742273469172854,0,13,4
WC2026_0918,Mexico,Uzbekistan,WC-2026,T-46,MEX,0,1835,"Aguirre, Javier",Javier Aguirre,26,2,26,27.900700257989783,0,10,4,WC-2026,UZB,UZB,10859.4548236802,1735,"Cannavaro, Fabio",Fabio Cannavaro,6,0,26,28.51166219133365,0,0,0
WC2026_0919,Morocco,Netherlands,WC-2026,T-47,MAR,8047.458024689145,1840,"Regragui, Walid",Walid Regragui,49,1,26,26.394566419207077,0,9,3,WC-2026,T-48,NLD,7554.561023407048,1959,"Koeman, Ronald",Ronald Koeman,38,0,26,27.739272363502344,0,11,1
WC2026_0920,Morocco,New Zealand,WC-2026,T-47,MAR,8047.458024689145,1840,"Regragui, Walid",Walid Regragui,49,1,26,26.394566419207077,0,9,3,WC-2026,T-49,NZL,12567.39014190728,1585,"Bazeley, Darren",Darren Bazeley,32,0,26,28.11793818775338,0,2,0
WC2026_0921,Morocco,Norway,WC-2026,T-47,MAR,8047.458024689145,1840,"Regragui, Walid",Walid Regragui,49,1,26,26.394566419207077,0,9,3,WC-2026,T-53,NOR,7116.618664157501,1922,"Solbakken, Ståle",Ståle Solbakken,54,0,26,26.804191017743378,0,0,0
WC2026_0922,Morocco,Panama,WC-2026,T-47,MAR,8047.458024689145,1840,"Regragui, Walid",Walid Regragui,49,1,26,26.394566419207077,0,9,3,WC-2026,T-54,PAN,3966.489606135957,1742,"Christiansen, Thomas",Thomas Christiansen,89,0,26,30.426578213025852,0,5,0
WC2026_0923,Morocco,Paraguay,WC-2026,T-47,MAR,8047.458024689145,1840,"Regragui, Walid",Walid Regragui,49,1,26,26.394566419207077,0,9,3,WC-2026,T-55,PRY,8273.164637737715,1833,"Alfaro, Gustavo",Gustavo Alfaro,19,1,26,29.031011425261937,0,0,0
WC2026_0924,Morocco,Portugal,WC-2026,T-47,MAR,8047.458024689145,1840,"Regragui, Walid",Walid Regragui,49,1,26,26.394566419207077,0,9,3,WC-2026,T-58,PRT,7492.662634275795,1976,"Martínez, Roberto",Roberto Martínez,38,2,26,28.035276154372664,0,14,3
WC2026_0925,Morocco,Qatar,WC-2026,T-47,MAR,8047.458024689145,1840,"Regragui, Walid",Walid Regragui,49,1,26,26.394566419207077,0,9,3,WC-2026,T-59,QAT,12201.51654796983,1425,Unknown,Unknown,0,0,26,29.507713368082975,0,12,0
WC2026_0926,Morocco,Saudi Arabia,WC-2026,T-47,MAR,8047.458024689145,1840,"Regragui, Walid",Walid Regragui,49,1,26,26.394566419207077,0,9,3,WC-2026,T-63,SAU,11783.518070291611,1592,"Renard, Hervé",Hervé Renard,71,2,26,28.5160848733744,0,9,3
WC2026_0927,Morocco,Scotland,WC-2026,T-47,MAR,8047.458024689145,1840,"Regragui, Walid",Walid Regragui,49,1,26,26.394566419207077,0,9,3,WC-2026,T-64,SCO,6752.840415840782,1790,"Clarke, Stevie",Stevie Clarke,76,0,26,29.20244300531775,0,0,0
WC2026_0928,Morocco,Senegal,WC-2026,T-47,MAR,8047.458024689145,1840,"Regragui, Walid",Walid Regragui,49,1,26,26.394566419207077,0,9,3,WC-2026,T-65,SEN,8646.942720200805,1807,"Thiaw, Pape",Pape Thiaw,37,0,26,27.087242668351497,0,13,3
WC2026_0929,Morocco,South Africa,WC-2026,T-47,MAR,8047.458024689145,1840,"Regragui, Walid",Walid Regragui,49,1,26,26.394566419207077,0,9,3,WC-2026,T-70,ZAF,14937.12069749442,1550,"Broos, Hugo",Hugo Broos,55,0,26,26.808403095877427,0,0,0
WC2026_0930,Morocco,South Korea,WC-2026,T-47,MAR,8047.458024689145,1840,"Regragui, Walid",Walid Regragui,49,1,26,26.394566419207077,0,9,3,WC-2026,T-71,KOR,10196.189406281635,1784,"Hong, Myung-Bo",Myung-Bo Hong,21,1,26,28.06570841889117,0,6,0
WC2026_0931,Morocco,Spain,WC-2026,T-47,MAR,8047.458024689145,1840,"Regragui, Walid",Walid Regragui,49,1,26,26.394566419207077,0,9,3,WC-2026,T-73,ESP,7746.922852806779,2172,"de La Fuente, Luis",Luis de La Fuente,40,0,26,26.747433264887064,0,6,0
WC2026_0932,Morocco,Sweden,WC-2026,T-47,MAR,8047.458024689145,1840,"Regragui, Walid",Walid Regragui,49,1,26,26.394566419207077,0,9,3,WC-2026,T-74,SWE,7465.038363914989,1660,"Potter, Graham",Graham Potter,4,0,26,27.557099984204708,0,1,0
WC2026_0933,Morocco,Switzerland,WC-2026,T-47,MAR,8047.458024689145,1840,"Regragui, Walid",Walid Regragui,49,1,26,26.394566419207077,0,9,3,WC-2026,T-75,CHE,8079.837758395281,1897,"Yakın, Murat",Murat Yakın,57,1,26,28.3070604959722,0,15,4
WC2026_0934,Morocco,Tunisia,WC-2026,T-47,MAR,8047.458024689145,1840,"Regragui, Walid",Walid Regragui,49,1,26,26.394566419207077,0,9,3,WC-2026,T-79,TUN,9114.63766930202,1615,"Trabelsi, Sami",Sami Trabelsi,19,0,26,26.64465855841626,0,7,2
WC2026_0935,Morocco,Turkey,WC-2026,T-47,MAR,8047.458024689145,1840,"Regragui, Walid",Walid Regragui,49,1,26,26.394566419207077,0,9,3,WC-2026,T-80,TUR,10136.436627879562,1880,"Montella, Vincenzo",Vincenzo Montella,31,0,26,27.672195019217607,0,0,0
WC2026_0936,Morocco,United States,WC-2026,T-47,MAR,8047.458024689145,1840,"Regragui, Walid",Walid Regragui,49,1,26,26.394566419207077,0,9,3,WC-2026,T-83,USA,0,1747,"Pochettino, Mauricio",Mauricio Pochettino,24,0,26,26.90496498710051,0,11,0
WC2026_0937,Morocco,Uruguay,WC-2026,T-47,MAR,8047.458024689145,1840,"Regragui, Walid",Walid Regragui,49,1,26,26.394566419207077,0,9,3,WC-2026,T-84,URY,9282.411359256475,1890,"Bielsa, Marcelo",Marcelo Bielsa,34,2,26,28.742273469172854,0,13,4
WC2026_0938,Morocco,Uzbekistan,WC-2026,T-47,MAR,8047.458024689145,1840,"Regragui, Walid",Walid Regragui,49,1,26,26.394566419207077,0,9,3,WC-2026,UZB,UZB,10859.4548236802,1735,"Cannavaro, Fabio",Fabio Cannavaro,6,0,26,28.51166219133365,0,0,0
WC2026_0939,Netherlands,New Zealand,WC-2026,T-48,NLD,7554.561023407048,1959,"Koeman, Ronald",Ronald Koeman,38,0,26,27.739272363502344,0,11,1,WC-2026,T-49,NZL,12567.39014190728,1585,"Bazeley, Darren",Darren Bazeley,32,0,26,28.11793818775338,0,2,0
WC2026_0940,Netherlands,Norway,WC-2026,T-48,NLD,7554.561023407048,1959,"Koeman, Ronald",Ronald Koeman,38,0,26,27.739272363502344,0,11,1,WC-2026,T-53,NOR,7116.618664157501,1922,"Solbakken, Ståle",Ståle Solbakken,54,0,26,26.804191017743378,0,0,0
WC2026_0941,Netherlands,Panama,WC-2026,T-48,NLD,7554.561023407048,1959,"Koeman, Ronald",Ronald Koeman,38,0,26,27.739272363502344,0,11,1,WC-2026,T-54,PAN,3966.489606135957,1742,"Christiansen, Thomas",Thomas Christiansen,89,0,26,30.426578213025852,0,5,0
WC2026_0942,Netherlands,Paraguay,WC-2026,T-48,NLD,7554.561023407048,1959,"Koeman, Ronald",Ronald Koeman,38,0,26,27.739272363502344,0,11,1,WC-2026,T-55,PRY,8273.164637737715,1833,"Alfaro, Gustavo",Gustavo Alfaro,19,1,26,29.031011425261937,0,0,0
WC2026_0943,Netherlands,Portugal,WC-2026,T-48,NLD,7554.561023407048,1959,"Koeman, Ronald",Ronald Koeman,38,0,26,27.739272363502344,0,11,1,WC-2026,T-58,PRT,7492.662634275795,1976,"Martínez, Roberto",Roberto Martínez,38,2,26,28.035276154372664,0,14,3
WC2026_0944,Netherlands,Qatar,WC-2026,T-48,NLD,7554.561023407048,1959,"Koeman, Ronald",Ronald Koeman,38,0,26,27.739272363502344,0,11,1,WC-2026,T-59,QAT,12201.51654796983,1425,Unknown,Unknown,0,0,26,29.507713368082975,0,12,0
WC2026_0945,Netherlands,Saudi Arabia,WC-2026,T-48,NLD,7554.561023407048,1959,"Koeman, Ronald",Ronald Koeman,38,0,26,27.739272363502344,0,11,1,WC-2026,T-63,SAU,11783.518070291611,1592,"Renard, Hervé",Hervé Renard,71,2,26,28.5160848733744,0,9,3
WC2026_0946,Netherlands,Scotland,WC-2026,T-48,NLD,7554.561023407048,1959,"Koeman, Ronald",Ronald Koeman,38,0,26,27.739272363502344,0,11,1,WC-2026,T-64,SCO,6752.840415840782,1790,"Clarke, Stevie",Stevie Clarke,76,0,26,29.20244300531775,0,0,0
WC2026_0947,Netherlands,Senegal,WC-2026,T-48,NLD,7554.561023407048,1959,"Koeman, Ronald",Ronald Koeman,38,0,26,27.739272363502344,0,11,1,WC-2026,T-65,SEN,8646.942720200805,1807,"Thiaw, Pape",Pape Thiaw,37,0,26,27.087242668351497,0,13,3
WC2026_0948,Netherlands,South Africa,WC-2026,T-48,NLD,7554.561023407048,1959,"Koeman, Ronald",Ronald Koeman,38,0,26,27.739272363502344,0,11,1,WC-2026,T-70,ZAF,14937.12069749442,1550,"Broos, Hugo",Hugo Broos,55,0,26,26.808403095877427,0,0,0
WC2026_0949,Netherlands,South Korea,WC-2026,T-48,NLD,7554.561023407048,1959,"Koeman, Ronald",Ronald Koeman,38,0,26,27.739272363502344,0,11,1,WC-2026,T-71,KOR,10196.189406281635,1784,"Hong, Myung-Bo",Myung-Bo Hong,21,1,26,28.06570841889117,0,6,0
WC2026_0950,Netherlands,Spain,WC-2026,T-48,NLD,7554.561023407048,1959,"Koeman, Ronald",Ronald Koeman,38,0,26,27.739272363502344,0,11,1,WC-2026,T-73,ESP,7746.922852806779,2172,"de La Fuente, Luis",Luis de La Fuente,40,0,26,26.747433264887064,0,6,0
WC2026_0951,Netherlands,Sweden,WC-2026,T-48,NLD,7554.561023407048,1959,"Koeman, Ronald",Ronald Koeman,38,0,26,27.739272363502344,0,11,1,WC-2026,T-74,SWE,7465.038363914989,1660,"Potter, Graham",Graham Potter,4,0,26,27.557099984204708,0,1,0
WC2026_0952,Netherlands,Switzerland,WC-2026,T-48,NLD,7554.561023407048,1959,"Koeman, Ronald",Ronald Koeman,38,0,26,27.739272363502344,0,11,1,WC-2026,T-75,CHE,8079.837758395281,1897,"Yakın, Murat",Murat Yakın,57,1,26,28.3070604959722,0,15,4
WC2026_0953,Netherlands,Tunisia,WC-2026,T-48,NLD,7554.561023407048,1959,"Koeman, Ronald",Ronald Koeman,38,0,26,27.739272363502344,0,11,1,WC-2026,T-79,TUN,9114.63766930202,1615,"Trabelsi, Sami",Sami Trabelsi,19,0,26,26.64465855841626,0,7,2
WC2026_0954,Netherlands,Turkey,WC-2026,T-48,NLD,7554.561023407048,1959,"Koeman, Ronald",Ronald Koeman,38,0,26,27.739272363502344,0,11,1,WC-2026,T-80,TUR,10136.436627879562,1880,"Montella, Vincenzo",Vincenzo Montella,31,0,26,27.672195019217607,0,0,0
WC2026_0955,Netherlands,United States,WC-2026,T-48,NLD,7554.561023407048,1959,"Koeman, Ronald",Ronald Koeman,38,0,26,27.739272363502344,0,11,1,WC-2026,T-83,USA,0,1747,"Pochettino, Mauricio",Mauricio Pochettino,24,0,26,26.90496498710051,0,11,0
WC2026_0956,Netherlands,Uruguay,WC-2026,T-48,NLD,7554.561023407048,1959,"Koeman, Ronald",Ronald Koeman,38,0,26,27.739272363502344,0,11,1,WC-2026,T-84,URY,9282.411359256475,1890,"Bielsa, Marcelo",Marcelo Bielsa,34,2,26,28.742273469172854,0,13,4
WC2026_0957,Netherlands,Uzbekistan,WC-2026,T-48,NLD,7554.561023407048,1959,"Koeman, Ronald",Ronald Koeman,38,0,26,27.739272363502344,0,11,1,WC-2026,UZB,UZB,10859.4548236802,1735,"Cannavaro, Fabio",Fabio Cannavaro,6,0,26,28.51166219133365,0,0,0
WC2026_0958,New Zealand,Norway,WC-2026,T-49,NZL,12567.39014190728,1585,"Bazeley, Darren",Darren Bazeley,32,0,26,28.11793818775338,0,2,0,WC-2026,T-53,NOR,7116.618664157501,1922,"Solbakken, Ståle",Ståle Solbakken,54,0,26,26.804191017743378,0,0,0
WC2026_0959,New Zealand,Panama,WC-2026,T-49,NZL,12567.39014190728,1585,"Bazeley, Darren",Darren Bazeley,32,0,26,28.11793818775338,0,2,0,WC-2026,T-54,PAN,3966.489606135957,1742,"Christiansen, Thomas",Thomas Christiansen,89,0,26,30.426578213025852,0,5,0
WC2026_0960,New Zealand,Paraguay,WC-2026,T-49,NZL,12567.39014190728,1585,"Bazeley, Darren",Darren Bazeley,32,0,26,28.11793818775338,0,2,0,WC-2026,T-55,PRY,8273.164637737715,1833,"Alfaro, Gustavo",Gustavo Alfaro,19,1,26,29.031011425261937,0,0,0
WC2026_0961,New Zealand,Portugal,WC-2026,T-49,NZL,12567.39014190728,1585,"Bazeley, Darren",Darren Bazeley,32,0,26,28.11793818775338,0,2,0,WC-2026,T-58,PRT,7492.662634275795,1976,"Martínez, Roberto",Roberto Martínez,38,2,26,28.035276154372664,0,14,3
WC2026_0962,New Zealand,Qatar,WC-2026,T-49,NZL,12567.39014190728,1585,"Bazeley, Darren",Darren Bazeley,32,0,26,28.11793818775338,0,2,0,WC-2026,T-59,QAT,12201.51654796983,1425,Unknown,Unknown,0,0,26,29.507713368082975,0,12,0
WC2026_0963,New Zealand,Saudi Arabia,WC-2026,T-49,NZL,12567.39014190728,1585,"Bazeley, Darren",Darren Bazeley,32,0,26,28.11793818775338,0,2,0,WC-2026,T-63,SAU,11783.518070291611,1592,"Renard, Hervé",Hervé Renard,71,2,26,28.5160848733744,0,9,3
WC2026_0964,New Zealand,Scotland,WC-2026,T-49,NZL,12567.39014190728,1585,"Bazeley, Darren",Darren Bazeley,32,0,26,28.11793818775338,0,2,0,WC-2026,T-64,SCO,6752.840415840782,1790,"Clarke, Stevie",Stevie Clarke,76,0,26,29.20244300531775,0,0,0
WC2026_0965,New Zealand,Senegal,WC-2026,T-49,NZL,12567.39014190728,1585,"Bazeley, Darren",Darren Bazeley,32,0,26,28.11793818775338,0,2,0,WC-2026,T-65,SEN,8646.942720200805,1807,"Thiaw, Pape",Pape Thiaw,37,0,26,27.087242668351497,0,13,3
WC2026_0966,New Zealand,South Africa,WC-2026,T-49,NZL,12567.39014190728,1585,"Bazeley, Darren",Darren Bazeley,32,0,26,28.11793818775338,0,2,0,WC-2026,T-70,ZAF,14937.12069749442,1550,"Broos, Hugo",Hugo Broos,55,0,26,26.808403095877427,0,0,0
WC2026_0967,New Zealand,South Korea,WC-2026,T-49,NZL,12567.39014190728,1585,"Bazeley, Darren",Darren Bazeley,32,0,26,28.11793818775338,0,2,0,WC-2026,T-71,KOR,10196.189406281635,1784,"Hong, Myung-Bo",Myung-Bo Hong,21,1,26,28.06570841889117,0,6,0
WC2026_0968,New Zealand,Spain,WC-2026,T-49,NZL,12567.39014190728,1585,"Bazeley, Darren",Darren Bazeley,32,0,26,28.11793818775338,0,2,0,WC-2026,T-73,ESP,7746.922852806779,2172,"de La Fuente, Luis",Luis de La Fuente,40,0,26,26.747433264887064,0,6,0
WC2026_0969,New Zealand,Sweden,WC-2026,T-49,NZL,12567.39014190728,1585,"Bazeley, Darren",Darren Bazeley,32,0,26,28.11793818775338,0,2,0,WC-2026,T-74,SWE,7465.038363914989,1660,"Potter, Graham",Graham Potter,4,0,26,27.557099984204708,0,1,0
WC2026_0970,New Zealand,Switzerland,WC-2026,T-49,NZL,12567.39014190728,1585,"Bazeley, Darren",Darren Bazeley,32,0,26,28.11793818775338,0,2,0,WC-2026,T-75,CHE,8079.837758395281,1897,"Yakın, Murat",Murat Yakın,57,1,26,28.3070604959722,0,15,4
WC2026_0971,New Zealand,Tunisia,WC-2026,T-49,NZL,12567.39014190728,1585,"Bazeley, Darren",Darren Bazeley,32,0,26,28.11793818775338,0,2,0,WC-2026,T-79,TUN,9114.63766930202,1615,"Trabelsi, Sami",Sami Trabelsi,19,0,26,26.64465855841626,0,7,2
WC2026_0972,New Zealand,Turkey,WC-2026,T-49,NZL,12567.39014190728,1585,"Bazeley, Darren",Darren Bazeley,32,0,26,28.11793818775338,0,2,0,WC-2026,T-80,TUR,10136.436627879562,1880,"Montella, Vincenzo",Vincenzo Montella,31,0,26,27.672195019217607,0,0,0
WC2026_0973,New Zealand,United States,WC-2026,T-49,NZL,12567.39014190728,1585,"Bazeley, Darren",Darren Bazeley,32,0,26,28.11793818775338,0,2,0,WC-2026,T-83,USA,0,1747,"Pochettino, Mauricio",Mauricio Pochettino,24,0,26,26.90496498710051,0,11,0
WC2026_0974,New Zealand,Uruguay,WC-2026,T-49,NZL,12567.39014190728,1585,"Bazeley, Darren",Darren Bazeley,32,0,26,28.11793818775338,0,2,0,WC-2026,T-84,URY,9282.411359256475,1890,"Bielsa, Marcelo",Marcelo Bielsa,34,2,26,28.742273469172854,0,13,4
WC2026_0975,New Zealand,Uzbekistan,WC-2026,T-49,NZL,12567.39014190728,1585,"Bazeley, Darren",Darren Bazeley,32,0,26,28.11793818775338,0,2,0,WC-2026,UZB,UZB,10859.4548236802,1735,"Cannavaro, Fabio",Fabio Cannavaro,6,0,26,28.51166219133365,0,0,0
WC2026_0976,Norway,Panama,WC-2026,T-53,NOR,7116.618664157501,1922,"Solbakken, Ståle",Ståle Solbakken,54,0,26,26.804191017743378,0,0,0,WC-2026,T-54,PAN,3966.489606135957,1742,"Christiansen, Thomas",Thomas Christiansen,89,0,26,30.426578213025852,0,5,0
WC2026_0977,Norway,Paraguay,WC-2026,T-53,NOR,7116.618664157501,1922,"Solbakken, Ståle",Ståle Solbakken,54,0,26,26.804191017743378,0,0,0,WC-2026,T-55,PRY,8273.164637737715,1833,"Alfaro, Gustavo",Gustavo Alfaro,19,1,26,29.031011425261937,0,0,0
WC2026_0978,Norway,Portugal,WC-2026,T-53,NOR,7116.618664157501,1922,"Solbakken, Ståle",Ståle Solbakken,54,0,26,26.804191017743378,0,0,0,WC-2026,T-58,PRT,7492.662634275795,1976,"Martínez, Roberto",Roberto Martínez,38,2,26,28.035276154372664,0,14,3
WC2026_0979,Norway,Qatar,WC-2026,T-53,NOR,7116.618664157501,1922,"Solbakken, Ståle",Ståle Solbakken,54,0,26,26.804191017743378,0,0,0,WC-2026,T-59,QAT,12201.51654796983,1425,Unknown,Unknown,0,0,26,29.507713368082975,0,12,0
WC2026_0980,Norway,Saudi Arabia,WC-2026,T-53,NOR,7116.618664157501,1922,"Solbakken, Ståle",Ståle Solbakken,54,0,26,26.804191017743378,0,0,0,WC-2026,T-63,SAU,11783.518070291611,1592,"Renard, Hervé",Hervé Renard,71,2,26,28.5160848733744,0,9,3
WC2026_0981,Norway,Scotland,WC-2026,T-53,NOR,7116.618664157501,1922,"Solbakken, Ståle",Ståle Solbakken,54,0,26,26.804191017743378,0,0,0,WC-2026,T-64,SCO,6752.840415840782,1790,"Clarke, Stevie",Stevie Clarke,76,0,26,29.20244300531775,0,0,0
WC2026_0982,Norway,Senegal,WC-2026,T-53,NOR,7116.618664157501,1922,"Solbakken, Ståle",Ståle Solbakken,54,0,26,26.804191017743378,0,0,0,WC-2026,T-65,SEN,8646.942720200805,1807,"Thiaw, Pape",Pape Thiaw,37,0,26,27.087242668351497,0,13,3
WC2026_0983,Norway,South Africa,WC-2026,T-53,NOR,7116.618664157501,1922,"Solbakken, Ståle",Ståle Solbakken,54,0,26,26.804191017743378,0,0,0,WC-2026,T-70,ZAF,14937.12069749442,1550,"Broos, Hugo",Hugo Broos,55,0,26,26.808403095877427,0,0,0
WC2026_0984,Norway,South Korea,WC-2026,T-53,NOR,7116.618664157501,1922,"Solbakken, Ståle",Ståle Solbakken,54,0,26,26.804191017743378,0,0,0,WC-2026,T-71,KOR,10196.189406281635,1784,"Hong, Myung-Bo",Myung-Bo Hong,21,1,26,28.06570841889117,0,6,0
WC2026_0985,Norway,Spain,WC-2026,T-53,NOR,7116.618664157501,1922,"Solbakken, Ståle",Ståle Solbakken,54,0,26,26.804191017743378,0,0,0,WC-2026,T-73,ESP,7746.922852806779,2172,"de La Fuente, Luis",Luis de La Fuente,40,0,26,26.747433264887064,0,6,0
WC2026_0986,Norway,Sweden,WC-2026,T-53,NOR,7116.618664157501,1922,"Solbakken, Ståle",Ståle Solbakken,54,0,26,26.804191017743378,0,0,0,WC-2026,T-74,SWE,7465.038363914989,1660,"Potter, Graham",Graham Potter,4,0,26,27.557099984204708,0,1,0
WC2026_0987,Norway,Switzerland,WC-2026,T-53,NOR,7116.618664157501,1922,"Solbakken, Ståle",Ståle Solbakken,54,0,26,26.804191017743378,0,0,0,WC-2026,T-75,CHE,8079.837758395281,1897,"Yakın, Murat",Murat Yakın,57,1,26,28.3070604959722,0,15,4
WC2026_0988,Norway,Tunisia,WC-2026,T-53,NOR,7116.618664157501,1922,"Solbakken, Ståle",Ståle Solbakken,54,0,26,26.804191017743378,0,0,0,WC-2026,T-79,TUN,9114.63766930202,1615,"Trabelsi, Sami",Sami Trabelsi,19,0,26,26.64465855841626,0,7,2
WC2026_0989,Norway,Turkey,WC-2026,T-53,NOR,7116.618664157501,1922,"Solbakken, Ståle",Ståle Solbakken,54,0,26,26.804191017743378,0,0,0,WC-2026,T-80,TUR,10136.436627879562,1880,"Montella, Vincenzo",Vincenzo Montella,31,0,26,27.672195019217607,0,0,0
WC2026_0990,Norway,United States,WC-2026,T-53,NOR,7116.618664157501,1922,"Solbakken, Ståle",Ståle Solbakken,54,0,26,26.804191017743378,0,0,0,WC-2026,T-83,USA,0,1747,"Pochettino, Mauricio",Mauricio Pochettino,24,0,26,26.90496498710051,0,11,0
WC2026_0991,Norway,Uruguay,WC-2026,T-53,NOR,7116.618664157501,1922,"Solbakken, Ståle",Ståle Solbakken,54,0,26,26.804191017743378,0,0,0,WC-2026,T-84,URY,9282.411359256475,1890,"Bielsa, Marcelo",Marcelo Bielsa,34,2,26,28.742273469172854,0,13,4
WC2026_0992,Norway,Uzbekistan,WC-2026,T-53,NOR,7116.618664157501,1922,"Solbakken, Ståle",Ståle Solbakken,54,0,26,26.804191017743378,0,0,0,WC-2026,UZB,UZB,10859.4548236802,1735,"Cannavaro, Fabio",Fabio Cannavaro,6,0,26,28.51166219133365,0,0,0
WC2026_0993,Panama,Paraguay,WC-2026,T-54,PAN,3966.489606135957,1742,"Christiansen, Thomas",Thomas Christiansen,89,0,26,30.426578213025852,0,5,0,WC-2026,T-55,PRY,8273.164637737715,1833,"Alfaro, Gustavo",Gustavo Alfaro,19,1,26,29.031011425261937,0,0,0
WC2026_0994,Panama,Portugal,WC-2026,T-54,PAN,3966.489606135957,1742,"Christiansen, Thomas",Thomas Christiansen,89,0,26,30.426578213025852,0,5,0,WC-2026,T-58,PRT,7492.662634275795,1976,"Martínez, Roberto",Roberto Martínez,38,2,26,28.035276154372664,0,14,3
WC2026_0995,Panama,Qatar,WC-2026,T-54,PAN,3966.489606135957,1742,"Christiansen, Thomas",Thomas Christiansen,89,0,26,30.426578213025852,0,5,0,WC-2026,T-59,QAT,12201.51654796983,1425,Unknown,Unknown,0,0,26,29.507713368082975,0,12,0
WC2026_0996,Panama,Saudi Arabia,WC-2026,T-54,PAN,3966.489606135957,1742,"Christiansen, Thomas",Thomas Christiansen,89,0,26,30.426578213025852,0,5,0,WC-2026,T-63,SAU,11783.518070291611,1592,"Renard, Hervé",Hervé Renard,71,2,26,28.5160848733744,0,9,3
WC2026_0997,Panama,Scotland,WC-2026,T-54,PAN,3966.489606135957,1742,"Christiansen, Thomas",Thomas Christiansen,89,0,26,30.426578213025852,0,5,0,WC-2026,T-64,SCO,6752.840415840782,1790,"Clarke, Stevie",Stevie Clarke,76,0,26,29.20244300531775,0,0,0
WC2026_0998,Panama,Senegal,WC-2026,T-54,PAN,3966.489606135957,1742,"Christiansen, Thomas",Thomas Christiansen,89,0,26,30.426578213025852,0,5,0,WC-2026,T-65,SEN,8646.942720200805,1807,"Thiaw, Pape",Pape Thiaw,37,0,26,27.087242668351497,0,13,3
WC2026_0999,Panama,South Africa,WC-2026,T-54,PAN,3966.489606135957,1742,"Christiansen, Thomas",Thomas Christiansen,89,0,26,30.426578213025852,0,5,0,WC-2026,T-70,ZAF,14937.12069749442,1550,"Broos, Hugo",Hugo Broos,55,0,26,26.808403095877427,0,0,0
WC2026_1000,Panama,South Korea,WC-2026,T-54,PAN,3966.489606135957,1742,"Christiansen, Thomas",Thomas Christiansen,89,0,26,30.426578213025852,0,5,0,WC-2026,T-71,KOR,10196.189406281635,1784,"Hong, Myung-Bo",Myung-Bo Hong,21,1,26,28.06570841889117,0,6,0
WC2026_1001,Panama,Spain,WC-2026,T-54,PAN,3966.489606135957,1742,"Christiansen, Thomas",Thomas Christiansen,89,0,26,30.426578213025852,0,5,0,WC-2026,T-73,ESP,7746.922852806779,2172,"de La Fuente, Luis",Luis de La Fuente,40,0,26,26.747433264887064,0,6,0
WC2026_1002,Panama,Sweden,WC-2026,T-54,PAN,3966.489606135957,1742,"Christiansen, Thomas",Thomas Christiansen,89,0,26,30.426578213025852,0,5,0,WC-2026,T-74,SWE,7465.038363914989,1660,"Potter, Graham",Graham Potter,4,0,26,27.557099984204708,0,1,0
WC2026_1003,Panama,Switzerland,WC-2026,T-54,PAN,3966.489606135957,1742,"Christiansen, Thomas",Thomas Christiansen,89,0,26,30.426578213025852,0,5,0,WC-2026,T-75,CHE,8079.837758395281,1897,"Yakın, Murat",Murat Yakın,57,1,26,28.3070604959722,0,15,4
WC2026_1004,Panama,Tunisia,WC-2026,T-54,PAN,3966.489606135957,1742,"Christiansen, Thomas",Thomas Christiansen,89,0,26,30.426578213025852,0,5,0,WC-2026,T-79,TUN,9114.63766930202,1615,"Trabelsi, Sami",Sami Trabelsi,19,0,26,26.64465855841626,0,7,2
WC2026_1005,Panama,Turkey,WC-2026,T-54,PAN,3966.489606135957,1742,"Christiansen, Thomas",Thomas Christiansen,89,0,26,30.426578213025852,0,5,0,WC-2026,T-80,TUR,10136.436627879562,1880,"Montella, Vincenzo",Vincenzo Montella,31,0,26,27.672195019217607,0,0,0
WC2026_1006,Panama,United States,WC-2026,T-54,PAN,3966.489606135957,1742,"Christiansen, Thomas",Thomas Christiansen,89,0,26,30.426578213025852,0,5,0,WC-2026,T-83,USA,0,1747,"Pochettino, Mauricio",Mauricio Pochettino,24,0,26,26.90496498710051,0,11,0
WC2026_1007,Panama,Uruguay,WC-2026,T-54,PAN,3966.489606135957,1742,"Christiansen, Thomas",Thomas Christiansen,89,0,26,30.426578213025852,0,5,0,WC-2026,T-84,URY,9282.411359256475,1890,"Bielsa, Marcelo",Marcelo Bielsa,34,2,26,28.742273469172854,0,13,4
WC2026_1008,Panama,Uzbekistan,WC-2026,T-54,PAN,3966.489606135957,1742,"Christiansen, Thomas",Thomas Christiansen,89,0,26,30.426578213025852,0,5,0,WC-2026,UZB,UZB,10859.4548236802,1735,"Cannavaro, Fabio",Fabio Cannavaro,6,0,26,28.51166219133365,0,0,0
WC2026_1009,Paraguay,Portugal,WC-2026,T-55,PRY,8273.164637737715,1833,"Alfaro, Gustavo",Gustavo Alfaro,19,1,26,29.031011425261937,0,0,0,WC-2026,T-58,PRT,7492.662634275795,1976,"Martínez, Roberto",Roberto Martínez,38,2,26,28.035276154372664,0,14,3
WC2026_1010,Paraguay,Qatar,WC-2026,T-55,PRY,8273.164637737715,1833,"Alfaro, Gustavo",Gustavo Alfaro,19,1,26,29.031011425261937,0,0,0,WC-2026,T-59,QAT,12201.51654796983,1425,Unknown,Unknown,0,0,26,29.507713368082975,0,12,0
WC2026_1011,Paraguay,Saudi Arabia,WC-2026,T-55,PRY,8273.164637737715,1833,"Alfaro, Gustavo",Gustavo Alfaro,19,1,26,29.031011425261937,0,0,0,WC-2026,T-63,SAU,11783.518070291611,1592,"Renard, Hervé",Hervé Renard,71,2,26,28.5160848733744,0,9,3
WC2026_1012,Paraguay,Scotland,WC-2026,T-55,PRY,8273.164637737715,1833,"Alfaro, Gustavo",Gustavo Alfaro,19,1,26,29.031011425261937,0,0,0,WC-2026,T-64,SCO,6752.840415840782,1790,"Clarke, Stevie",Stevie Clarke,76,0,26,29.20244300531775,0,0,0
WC2026_1013,Paraguay,Senegal,WC-2026,T-55,PRY,8273.164637737715,1833,"Alfaro, Gustavo",Gustavo Alfaro,19,1,26,29.031011425261937,0,0,0,WC-2026,T-65,SEN,8646.942720200805,1807,"Thiaw, Pape",Pape Thiaw,37,0,26,27.087242668351497,0,13,3
WC2026_1014,Paraguay,South Africa,WC-2026,T-55,PRY,8273.164637737715,1833,"Alfaro, Gustavo",Gustavo Alfaro,19,1,26,29.031011425261937,0,0,0,WC-2026,T-70,ZAF,14937.12069749442,1550,"Broos, Hugo",Hugo Broos,55,0,26,26.808403095877427,0,0,0
WC2026_1015,Paraguay,South Korea,WC-2026,T-55,PRY,8273.164637737715,1833,"Alfaro, Gustavo",Gustavo Alfaro,19,1,26,29.031011425261937,0,0,0,WC-2026,T-71,KOR,10196.189406281635,1784,"Hong, Myung-Bo",Myung-Bo Hong,21,1,26,28.06570841889117,0,6,0
WC2026_1016,Paraguay,Spain,WC-2026,T-55,PRY,8273.164637737715,1833,"Alfaro, Gustavo",Gustavo Alfaro,19,1,26,29.031011425261937,0,0,0,WC-2026,T-73,ESP,7746.922852806779,2172,"de La Fuente, Luis",Luis de La Fuente,40,0,26,26.747433264887064,0,6,0
WC2026_1017,Paraguay,Sweden,WC-2026,T-55,PRY,8273.164637737715,1833,"Alfaro, Gustavo",Gustavo Alfaro,19,1,26,29.031011425261937,0,0,0,WC-2026,T-74,SWE,7465.038363914989,1660,"Potter, Graham",Graham Potter,4,0,26,27.557099984204708,0,1,0
WC2026_1018,Paraguay,Switzerland,WC-2026,T-55,PRY,8273.164637737715,1833,"Alfaro, Gustavo",Gustavo Alfaro,19,1,26,29.031011425261937,0,0,0,WC-2026,T-75,CHE,8079.837758395281,1897,"Yakın, Murat",Murat Yakın,57,1,26,28.3070604959722,0,15,4
WC2026_1019,Paraguay,Tunisia,WC-2026,T-55,PRY,8273.164637737715,1833,"Alfaro, Gustavo",Gustavo Alfaro,19,1,26,29.031011425261937,0,0,0,WC-2026,T-79,TUN,9114.63766930202,1615,"Trabelsi, Sami",Sami Trabelsi,19,0,26,26.64465855841626,0,7,2
WC2026_1020,Paraguay,Turkey,WC-2026,T-55,PRY,8273.164637737715,1833,"Alfaro, Gustavo",Gustavo Alfaro,19,1,26,29.031011425261937,0,0,0,WC-2026,T-80,TUR,10136.436627879562,1880,"Montella, Vincenzo",Vincenzo Montella,31,0,26,27.672195019217607,0,0,0
WC2026_1021,Paraguay,United States,WC-2026,T-55,PRY,8273.164637737715,1833,"Alfaro, Gustavo",Gustavo Alfaro,19,1,26,29.031011425261937,0,0,0,WC-2026,T-83,USA,0,1747,"Pochettino, Mauricio",Mauricio Pochettino,24,0,26,26.90496498710051,0,11,0
WC2026_1022,Paraguay,Uruguay,WC-2026,T-55,PRY,8273.164637737715,1833,"Alfaro, Gustavo",Gustavo Alfaro,19,1,26,29.031011425261937,0,0,0,WC-2026,T-84,URY,9282.411359256475,1890,"Bielsa, Marcelo",Marcelo Bielsa,34,2,26,28.742273469172854,0,13,4
WC2026_1023,Paraguay,Uzbekistan,WC-2026,T-55,PRY,8273.164637737715,1833,"Alfaro, Gustavo",Gustavo Alfaro,19,1,26,29.031011425261937,0,0,0,WC-2026,UZB,UZB,10859.4548236802,1735,"Cannavaro, Fabio",Fabio Cannavaro,6,0,26,28.51166219133365,0,0,0
WC2026_1024,Portugal,Qatar,WC-2026,T-58,PRT,7492.662634275795,1976,"Martínez, Roberto",Roberto Martínez,38,2,26,28.035276154372664,0,14,3,WC-2026,T-59,QAT,12201.51654796983,1425,Unknown,Unknown,0,0,26,29.507713368082975,0,12,0
WC2026_1025,Portugal,Saudi Arabia,WC-2026,T-58,PRT,7492.662634275795,1976,"Martínez, Roberto",Roberto Martínez,38,2,26,28.035276154372664,0,14,3,WC-2026,T-63,SAU,11783.518070291611,1592,"Renard, Hervé",Hervé Renard,71,2,26,28.5160848733744,0,9,3
WC2026_1026,Portugal,Scotland,WC-2026,T-58,PRT,7492.662634275795,1976,"Martínez, Roberto",Roberto Martínez,38,2,26,28.035276154372664,0,14,3,WC-2026,T-64,SCO,6752.840415840782,1790,"Clarke, Stevie",Stevie Clarke,76,0,26,29.20244300531775,0,0,0
WC2026_1027,Portugal,Senegal,WC-2026,T-58,PRT,7492.662634275795,1976,"Martínez, Roberto",Roberto Martínez,38,2,26,28.035276154372664,0,14,3,WC-2026,T-65,SEN,8646.942720200805,1807,"Thiaw, Pape",Pape Thiaw,37,0,26,27.087242668351497,0,13,3
WC2026_1028,Portugal,South Africa,WC-2026,T-58,PRT,7492.662634275795,1976,"Martínez, Roberto",Roberto Martínez,38,2,26,28.035276154372664,0,14,3,WC-2026,T-70,ZAF,14937.12069749442,1550,"Broos, Hugo",Hugo Broos,55,0,26,26.808403095877427,0,0,0
WC2026_1029,Portugal,South Korea,WC-2026,T-58,PRT,7492.662634275795,1976,"Martínez, Roberto",Roberto Martínez,38,2,26,28.035276154372664,0,14,3,WC-2026,T-71,KOR,10196.189406281635,1784,"Hong, Myung-Bo",Myung-Bo Hong,21,1,26,28.06570841889117,0,6,0
WC2026_1030,Portugal,Spain,WC-2026,T-58,PRT,7492.662634275795,1976,"Martínez, Roberto",Roberto Martínez,38,2,26,28.035276154372664,0,14,3,WC-2026,T-73,ESP,7746.922852806779,2172,"de La Fuente, Luis",Luis de La Fuente,40,0,26,26.747433264887064,0,6,0
WC2026_1031,Portugal,Sweden,WC-2026,T-58,PRT,7492.662634275795,1976,"Martínez, Roberto",Roberto Martínez,38,2,26,28.035276154372664,0,14,3,WC-2026,T-74,SWE,7465.038363914989,1660,"Potter, Graham",Graham Potter,4,0,26,27.557099984204708,0,1,0
WC2026_1032,Portugal,Switzerland,WC-2026,T-58,PRT,7492.662634275795,1976,"Martínez, Roberto",Roberto Martínez,38,2,26,28.035276154372664,0,14,3,WC-2026,T-75,CHE,8079.837758395281,1897,"Yakın, Murat",Murat Yakın,57,1,26,28.3070604959722,0,15,4
WC2026_1033,Portugal,Tunisia,WC-2026,T-58,PRT,7492.662634275795,1976,"Martínez, Roberto",Roberto Martínez,38,2,26,28.035276154372664,0,14,3,WC-2026,T-79,TUN,9114.63766930202,1615,"Trabelsi, Sami",Sami Trabelsi,19,0,26,26.64465855841626,0,7,2
WC2026_1034,Portugal,Turkey,WC-2026,T-58,PRT,7492.662634275795,1976,"Martínez, Roberto",Roberto Martínez,38,2,26,28.035276154372664,0,14,3,WC-2026,T-80,TUR,10136.436627879562,1880,"Montella, Vincenzo",Vincenzo Montella,31,0,26,27.672195019217607,0,0,0
WC2026_1035,Portugal,United States,WC-2026,T-58,PRT,7492.662634275795,1976,"Martínez, Roberto",Roberto Martínez,38,2,26,28.035276154372664,0,14,3,WC-2026,T-83,USA,0,1747,"Pochettino, Mauricio",Mauricio Pochettino,24,0,26,26.90496498710051,0,11,0
WC2026_1036,Portugal,Uruguay,WC-2026,T-58,PRT,7492.662634275795,1976,"Martínez, Roberto",Roberto Martínez,38,2,26,28.035276154372664,0,14,3,WC-2026,T-84,URY,9282.411359256475,1890,"Bielsa, Marcelo",Marcelo Bielsa,34,2,26,28.742273469172854,0,13,4
WC2026_1037,Portugal,Uzbekistan,WC-2026,T-58,PRT,7492.662634275795,1976,"Martínez, Roberto",Roberto Martínez,38,2,26,28.035276154372664,0,14,3,WC-2026,UZB,UZB,10859.4548236802,1735,"Cannavaro, Fabio",Fabio Cannavaro,6,0,26,28.51166219133365,0,0,0
WC2026_1038,Qatar,Saudi Arabia,WC-2026,T-59,QAT,12201.51654796983,1425,Unknown,Unknown,0,0,26,29.507713368082975,0,12,0,WC-2026,T-63,SAU,11783.518070291611,1592,"Renard, Hervé",Hervé Renard,71,2,26,28.5160848733744,0,9,3
WC2026_1039,Qatar,Scotland,WC-2026,T-59,QAT,12201.51654796983,1425,Unknown,Unknown,0,0,26,29.507713368082975,0,12,0,WC-2026,T-64,SCO,6752.840415840782,1790,"Clarke, Stevie",Stevie Clarke,76,0,26,29.20244300531775,0,0,0
WC2026_1040,Qatar,Senegal,WC-2026,T-59,QAT,12201.51654796983,1425,Unknown,Unknown,0,0,26,29.507713368082975,0,12,0,WC-2026,T-65,SEN,8646.942720200805,1807,"Thiaw, Pape",Pape Thiaw,37,0,26,27.087242668351497,0,13,3
WC2026_1041,Qatar,South Africa,WC-2026,T-59,QAT,12201.51654796983,1425,Unknown,Unknown,0,0,26,29.507713368082975,0,12,0,WC-2026,T-70,ZAF,14937.12069749442,1550,"Broos, Hugo",Hugo Broos,55,0,26,26.808403095877427,0,0,0
WC2026_1042,Qatar,South Korea,WC-2026,T-59,QAT,12201.51654796983,1425,Unknown,Unknown,0,0,26,29.507713368082975,0,12,0,WC-2026,T-71,KOR,10196.189406281635,1784,"Hong, Myung-Bo",Myung-Bo Hong,21,1,26,28.06570841889117,0,6,0
WC2026_1043,Qatar,Spain,WC-2026,T-59,QAT,12201.51654796983,1425,Unknown,Unknown,0,0,26,29.507713368082975,0,12,0,WC-2026,T-73,ESP,7746.922852806779,2172,"de La Fuente, Luis",Luis de La Fuente,40,0,26,26.747433264887064,0,6,0
WC2026_1044,Qatar,Sweden,WC-2026,T-59,QAT,12201.51654796983,1425,Unknown,Unknown,0,0,26,29.507713368082975,0,12,0,WC-2026,T-74,SWE,7465.038363914989,1660,"Potter, Graham",Graham Potter,4,0,26,27.557099984204708,0,1,0
WC2026_1045,Qatar,Switzerland,WC-2026,T-59,QAT,12201.51654796983,1425,Unknown,Unknown,0,0,26,29.507713368082975,0,12,0,WC-2026,T-75,CHE,8079.837758395281,1897,"Yakın, Murat",Murat Yakın,57,1,26,28.3070604959722,0,15,4
WC2026_1046,Qatar,Tunisia,WC-2026,T-59,QAT,12201.51654796983,1425,Unknown,Unknown,0,0,26,29.507713368082975,0,12,0,WC-2026,T-79,TUN,9114.63766930202,1615,"Trabelsi, Sami",Sami Trabelsi,19,0,26,26.64465855841626,0,7,2
WC2026_1047,Qatar,Turkey,WC-2026,T-59,QAT,12201.51654796983,1425,Unknown,Unknown,0,0,26,29.507713368082975,0,12,0,WC-2026,T-80,TUR,10136.436627879562,1880,"Montella, Vincenzo",Vincenzo Montella,31,0,26,27.672195019217607,0,0,0
WC2026_1048,Qatar,United States,WC-2026,T-59,QAT,12201.51654796983,1425,Unknown,Unknown,0,0,26,29.507713368082975,0,12,0,WC-2026,T-83,USA,0,1747,"Pochettino, Mauricio",Mauricio Pochettino,24,0,26,26.90496498710051,0,11,0
WC2026_1049,Qatar,Uruguay,WC-2026,T-59,QAT,12201.51654796983,1425,Unknown,Unknown,0,0,26,29.507713368082975,0,12,0,WC-2026,T-84,URY,9282.411359256475,1890,"Bielsa, Marcelo",Marcelo Bielsa,34,2,26,28.742273469172854,0,13,4
WC2026_1050,Qatar,Uzbekistan,WC-2026,T-59,QAT,12201.51654796983,1425,Unknown,Unknown,0,0,26,29.507713368082975,0,12,0,WC-2026,UZB,UZB,10859.4548236802,1735,"Cannavaro, Fabio",Fabio Cannavaro,6,0,26,28.51166219133365,0,0,0
WC2026_1051,Saudi Arabia,Scotland,WC-2026,T-63,SAU,11783.518070291611,1592,"Renard, Hervé",Hervé Renard,71,2,26,28.5160848733744,0,9,3,WC-2026,T-64,SCO,6752.840415840782,1790,"Clarke, Stevie",Stevie Clarke,76,0,26,29.20244300531775,0,0,0
WC2026_1052,Saudi Arabia,Senegal,WC-2026,T-63,SAU,11783.518070291611,1592,"Renard, Hervé",Hervé Renard,71,2,26,28.5160848733744,0,9,3,WC-2026,T-65,SEN,8646.942720200805,1807,"Thiaw, Pape",Pape Thiaw,37,0,26,27.087242668351497,0,13,3
WC2026_1053,Saudi Arabia,South Africa,WC-2026,T-63,SAU,11783.518070291611,1592,"Renard, Hervé",Hervé Renard,71,2,26,28.5160848733744,0,9,3,WC-2026,T-70,ZAF,14937.12069749442,1550,"Broos, Hugo",Hugo Broos,55,0,26,26.808403095877427,0,0,0
WC2026_1054,Saudi Arabia,South Korea,WC-2026,T-63,SAU,11783.518070291611,1592,"Renard, Hervé",Hervé Renard,71,2,26,28.5160848733744,0,9,3,WC-2026,T-71,KOR,10196.189406281635,1784,"Hong, Myung-Bo",Myung-Bo Hong,21,1,26,28.06570841889117,0,6,0
WC2026_1055,Saudi Arabia,Spain,WC-2026,T-63,SAU,11783.518070291611,1592,"Renard, Hervé",Hervé Renard,71,2,26,28.5160848733744,0,9,3,WC-2026,T-73,ESP,7746.922852806779,2172,"de La Fuente, Luis",Luis de La Fuente,40,0,26,26.747433264887064,0,6,0
WC2026_1056,Saudi Arabia,Sweden,WC-2026,T-63,SAU,11783.518070291611,1592,"Renard, Hervé",Hervé Renard,71,2,26,28.5160848733744,0,9,3,WC-2026,T-74,SWE,7465.038363914989,1660,"Potter, Graham",Graham Potter,4,0,26,27.557099984204708,0,1,0
WC2026_1057,Saudi Arabia,Switzerland,WC-2026,T-63,SAU,11783.518070291611,1592,"Renard, Hervé",Hervé Renard,71,2,26,28.5160848733744,0,9,3,WC-2026,T-75,CHE,8079.837758395281,1897,"Yakın, Murat",Murat Yakın,57,1,26,28.3070604959722,0,15,4
WC2026_1058,Saudi Arabia,Tunisia,WC-2026,T-63,SAU,11783.518070291611,1592,"Renard, Hervé",Hervé Renard,71,2,26,28.5160848733744,0,9,3,WC-2026,T-79,TUN,9114.63766930202,1615,"Trabelsi, Sami",Sami Trabelsi,19,0,26,26.64465855841626,0,7,2
WC2026_1059,Saudi Arabia,Turkey,WC-2026,T-63,SAU,11783.518070291611,1592,"Renard, Hervé",Hervé Renard,71,2,26,28.5160848733744,0,9,3,WC-2026,T-80,TUR,10136.436627879562,1880,"Montella, Vincenzo",Vincenzo Montella,31,0,26,27.672195019217607,0,0,0
WC2026_1060,Saudi Arabia,United States,WC-2026,T-63,SAU,11783.518070291611,1592,"Renard, Hervé",Hervé Renard,71,2,26,28.5160848733744,0,9,3,WC-2026,T-83,USA,0,1747,"Pochettino, Mauricio",Mauricio Pochettino,24,0,26,26.90496498710051,0,11,0
WC2026_1061,Saudi Arabia,Uruguay,WC-2026,T-63,SAU,11783.518070291611,1592,"Renard, Hervé",Hervé Renard,71,2,26,28.5160848733744,0,9,3,WC-2026,T-84,URY,9282.411359256475,1890,"Bielsa, Marcelo",Marcelo Bielsa,34,2,26,28.742273469172854,0,13,4
WC2026_1062,Saudi Arabia,Uzbekistan,WC-2026,T-63,SAU,11783.518070291611,1592,"Renard, Hervé",Hervé Renard,71,2,26,28.5160848733744,0,9,3,WC-2026,UZB,UZB,10859.4548236802,1735,"Cannavaro, Fabio",Fabio Cannavaro,6,0,26,28.51166219133365,0,0,0
WC2026_1063,Scotland,Senegal,WC-2026,T-64,SCO,6752.840415840782,1790,"Clarke, Stevie",Stevie Clarke,76,0,26,29.20244300531775,0,0,0,WC-2026,T-65,SEN,8646.942720200805,1807,"Thiaw, Pape",Pape Thiaw,37,0,26,27.087242668351497,0,13,3
WC2026_1064,Scotland,South Africa,WC-2026,T-64,SCO,6752.840415840782,1790,"Clarke, Stevie",Stevie Clarke,76,0,26,29.20244300531775,0,0,0,WC-2026,T-70,ZAF,14937.12069749442,1550,"Broos, Hugo",Hugo Broos,55,0,26,26.808403095877427,0,0,0
WC2026_1065,Scotland,South Korea,WC-2026,T-64,SCO,6752.840415840782,1790,"Clarke, Stevie",Stevie Clarke,76,0,26,29.20244300531775,0,0,0,WC-2026,T-71,KOR,10196.189406281635,1784,"Hong, Myung-Bo",Myung-Bo Hong,21,1,26,28.06570841889117,0,6,0
WC2026_1066,Scotland,Spain,WC-2026,T-64,SCO,6752.840415840782,1790,"Clarke, Stevie",Stevie Clarke,76,0,26,29.20244300531775,0,0,0,WC-2026,T-73,ESP,7746.922852806779,2172,"de La Fuente, Luis",Luis de La Fuente,40,0,26,26.747433264887064,0,6,0
WC2026_1067,Scotland,Sweden,WC-2026,T-64,SCO,6752.840415840782,1790,"Clarke, Stevie",Stevie Clarke,76,0,26,29.20244300531775,0,0,0,WC-2026,T-74,SWE,7465.038363914989,1660,"Potter, Graham",Graham Potter,4,0,26,27.557099984204708,0,1,0
WC2026_1068,Scotland,Switzerland,WC-2026,T-64,SCO,6752.840415840782,1790,"Clarke, Stevie",Stevie Clarke,76,0,26,29.20244300531775,0,0,0,WC-2026,T-75,CHE,8079.837758395281,1897,"Yakın, Murat",Murat Yakın,57,1,26,28.3070604959722,0,15,4
WC2026_1069,Scotland,Tunisia,WC-2026,T-64,SCO,6752.840415840782,1790,"Clarke, Stevie",Stevie Clarke,76,0,26,29.20244300531775,0,0,0,WC-2026,T-79,TUN,9114.63766930202,1615,"Trabelsi, Sami",Sami Trabelsi,19,0,26,26.64465855841626,0,7,2
WC2026_1070,Scotland,Turkey,WC-2026,T-64,SCO,6752.840415840782,1790,"Clarke, Stevie",Stevie Clarke,76,0,26,29.20244300531775,0,0,0,WC-2026,T-80,TUR,10136.436627879562,1880,"Montella, Vincenzo",Vincenzo Montella,31,0,26,27.672195019217607,0,0,0
WC2026_1071,Scotland,United States,WC-2026,T-64,SCO,6752.840415840782,1790,"Clarke, Stevie",Stevie Clarke,76,0,26,29.20244300531775,0,0,0,WC-2026,T-83,USA,0,1747,"Pochettino, Mauricio",Mauricio Pochettino,24,0,26,26.90496498710051,0,11,0
WC2026_1072,Scotland,Uruguay,WC-2026,T-64,SCO,6752.840415840782,1790,"Clarke, Stevie",Stevie Clarke,76,0,26,29.20244300531775,0,0,0,WC-2026,T-84,URY,9282.411359256475,1890,"Bielsa, Marcelo",Marcelo Bielsa,34,2,26,28.742273469172854,0,13,4
WC2026_1073,Scotland,Uzbekistan,WC-2026,T-64,SCO,6752.840415840782,1790,"Clarke, Stevie",Stevie Clarke,76,0,26,29.20244300531775,0,0,0,WC-2026,UZB,UZB,10859.4548236802,1735,"Cannavaro, Fabio",Fabio Cannavaro,6,0,26,28.51166219133365,0,0,0
WC2026_1074,Senegal,South Africa,WC-2026,T-65,SEN,8646.942720200805,1807,"Thiaw, Pape",Pape Thiaw,37,0,26,27.087242668351497,0,13,3,WC-2026,T-70,ZAF,14937.12069749442,1550,"Broos, Hugo",Hugo Broos,55,0,26,26.808403095877427,0,0,0
WC2026_1075,Senegal,South Korea,WC-2026,T-65,SEN,8646.942720200805,1807,"Thiaw, Pape",Pape Thiaw,37,0,26,27.087242668351497,0,13,3,WC-2026,T-71,KOR,10196.189406281635,1784,"Hong, Myung-Bo",Myung-Bo Hong,21,1,26,28.06570841889117,0,6,0
WC2026_1076,Senegal,Spain,WC-2026,T-65,SEN,8646.942720200805,1807,"Thiaw, Pape",Pape Thiaw,37,0,26,27.087242668351497,0,13,3,WC-2026,T-73,ESP,7746.922852806779,2172,"de La Fuente, Luis",Luis de La Fuente,40,0,26,26.747433264887064,0,6,0
WC2026_1077,Senegal,Sweden,WC-2026,T-65,SEN,8646.942720200805,1807,"Thiaw, Pape",Pape Thiaw,37,0,26,27.087242668351497,0,13,3,WC-2026,T-74,SWE,7465.038363914989,1660,"Potter, Graham",Graham Potter,4,0,26,27.557099984204708,0,1,0
WC2026_1078,Senegal,Switzerland,WC-2026,T-65,SEN,8646.942720200805,1807,"Thiaw, Pape",Pape Thiaw,37,0,26,27.087242668351497,0,13,3,WC-2026,T-75,CHE,8079.837758395281,1897,"Yakın, Murat",Murat Yakın,57,1,26,28.3070604959722,0,15,4
WC2026_1079,Senegal,Tunisia,WC-2026,T-65,SEN,8646.942720200805,1807,"Thiaw, Pape",Pape Thiaw,37,0,26,27.087242668351497,0,13,3,WC-2026,T-79,TUN,9114.63766930202,1615,"Trabelsi, Sami",Sami Trabelsi,19,0,26,26.64465855841626,0,7,2
WC2026_1080,Senegal,Turkey,WC-2026,T-65,SEN,8646.942720200805,1807,"Thiaw, Pape",Pape Thiaw,37,0,26,27.087242668351497,0,13,3,WC-2026,T-80,TUR,10136.436627879562,1880,"Montella, Vincenzo",Vincenzo Montella,31,0,26,27.672195019217607,0,0,0
WC2026_1081,Senegal,United States,WC-2026,T-65,SEN,8646.942720200805,1807,"Thiaw, Pape",Pape Thiaw,37,0,26,27.087242668351497,0,13,3,WC-2026,T-83,USA,0,1747,"Pochettino, Mauricio",Mauricio Pochettino,24,0,26,26.90496498710051,0,11,0
WC2026_1082,Senegal,Uruguay,WC-2026,T-65,SEN,8646.942720200805,1807,"Thiaw, Pape",Pape Thiaw,37,0,26,27.087242668351497,0,13,3,WC-2026,T-84,URY,9282.411359256475,1890,"Bielsa, Marcelo",Marcelo Bielsa,34,2,26,28.742273469172854,0,13,4
WC2026_1083,Senegal,Uzbekistan,WC-2026,T-65,SEN,8646.942720200805,1807,"Thiaw, Pape",Pape Thiaw,37,0,26,27.087242668351497,0,13,3,WC-2026,UZB,UZB,10859.4548236802,1735,"Cannavaro, Fabio",Fabio Cannavaro,6,0,26,28.51166219133365,0,0,0
WC2026_1084,South Africa,South Korea,WC-2026,T-70,ZAF,14937.12069749442,1550,"Broos, Hugo",Hugo Broos,55,0,26,26.808403095877427,0,0,0,WC-2026,T-71,KOR,10196.189406281635,1784,"Hong, Myung-Bo",Myung-Bo Hong,21,1,26,28.06570841889117,0,6,0
WC2026_1085,South Africa,Spain,WC-2026,T-70,ZAF,14937.12069749442,1550,"Broos, Hugo",Hugo Broos,55,0,26,26.808403095877427,0,0,0,WC-2026,T-73,ESP,7746.922852806779,2172,"de La Fuente, Luis",Luis de La Fuente,40,0,26,26.747433264887064,0,6,0
WC2026_1086,South Africa,Sweden,WC-2026,T-70,ZAF,14937.12069749442,1550,"Broos, Hugo",Hugo Broos,55,0,26,26.808403095877427,0,0,0,WC-2026,T-74,SWE,7465.038363914989,1660,"Potter, Graham",Graham Potter,4,0,26,27.557099984204708,0,1,0
WC2026_1087,South Africa,Switzerland,WC-2026,T-70,ZAF,14937.12069749442,1550,"Broos, Hugo",Hugo Broos,55,0,26,26.808403095877427,0,0,0,WC-2026,T-75,CHE,8079.837758395281,1897,"Yakın, Murat",Murat Yakın,57,1,26,28.3070604959722,0,15,4
WC2026_1088,South Africa,Tunisia,WC-2026,T-70,ZAF,14937.12069749442,1550,"Broos, Hugo",Hugo Broos,55,0,26,26.808403095877427,0,0,0,WC-2026,T-79,TUN,9114.63766930202,1615,"Trabelsi, Sami",Sami Trabelsi,19,0,26,26.64465855841626,0,7,2
WC2026_1089,South Africa,Turkey,WC-2026,T-70,ZAF,14937.12069749442,1550,"Broos, Hugo",Hugo Broos,55,0,26,26.808403095877427,0,0,0,WC-2026,T-80,TUR,10136.436627879562,1880,"Montella, Vincenzo",Vincenzo Montella,31,0,26,27.672195019217607,0,0,0
WC2026_1090,South Africa,United States,WC-2026,T-70,ZAF,14937.12069749442,1550,"Broos, Hugo",Hugo Broos,55,0,26,26.808403095877427,0,0,0,WC-2026,T-83,USA,0,1747,"Pochettino, Mauricio",Mauricio Pochettino,24,0,26,26.90496498710051,0,11,0
WC2026_1091,South Africa,Uruguay,WC-2026,T-70,ZAF,14937.12069749442,1550,"Broos, Hugo",Hugo Broos,55,0,26,26.808403095877427,0,0,0,WC-2026,T-84,URY,9282.411359256475,1890,"Bielsa, Marcelo",Marcelo Bielsa,34,2,26,28.742273469172854,0,13,4
WC2026_1092,South Africa,Uzbekistan,WC-2026,T-70,ZAF,14937.12069749442,1550,"Broos, Hugo",Hugo Broos,55,0,26,26.808403095877427,0,0,0,WC-2026,UZB,UZB,10859.4548236802,1735,"Cannavaro, Fabio",Fabio Cannavaro,6,0,26,28.51166219133365,0,0,0
WC2026_1093,South Korea,Spain,WC-2026,T-71,KOR,10196.189406281635,1784,"Hong, Myung-Bo",Myung-Bo Hong,21,1,26,28.06570841889117,0,6,0,WC-2026,T-73,ESP,7746.922852806779,2172,"de La Fuente, Luis",Luis de La Fuente,40,0,26,26.747433264887064,0,6,0
WC2026_1094,South Korea,Sweden,WC-2026,T-71,KOR,10196.189406281635,1784,"Hong, Myung-Bo",Myung-Bo Hong,21,1,26,28.06570841889117,0,6,0,WC-2026,T-74,SWE,7465.038363914989,1660,"Potter, Graham",Graham Potter,4,0,26,27.557099984204708,0,1,0
WC2026_1095,South Korea,Switzerland,WC-2026,T-71,KOR,10196.189406281635,1784,"Hong, Myung-Bo",Myung-Bo Hong,21,1,26,28.06570841889117,0,6,0,WC-2026,T-75,CHE,8079.837758395281,1897,"Yakın, Murat",Murat Yakın,57,1,26,28.3070604959722,0,15,4
WC2026_1096,South Korea,Tunisia,WC-2026,T-71,KOR,10196.189406281635,1784,"Hong, Myung-Bo",Myung-Bo Hong,21,1,26,28.06570841889117,0,6,0,WC-2026,T-79,TUN,9114.63766930202,1615,"Trabelsi, Sami",Sami Trabelsi,19,0,26,26.64465855841626,0,7,2
WC2026_1097,South Korea,Turkey,WC-2026,T-71,KOR,10196.189406281635,1784,"Hong, Myung-Bo",Myung-Bo Hong,21,1,26,28.06570841889117,0,6,0,WC-2026,T-80,TUR,10136.436627879562,1880,"Montella, Vincenzo",Vincenzo Montella,31,0,26,27.672195019217607,0,0,0
WC2026_1098,South Korea,United States,WC-2026,T-71,KOR,10196.189406281635,1784,"Hong, Myung-Bo",Myung-Bo Hong,21,1,26,28.06570841889117,0,6,0,WC-2026,T-83,USA,0,1747,"Pochettino, Mauricio",Mauricio Pochettino,24,0,26,26.90496498710051,0,11,0
WC2026_1099,South Korea,Uruguay,WC-2026,T-71,KOR,10196.189406281635,1784,"Hong, Myung-Bo",Myung-Bo Hong,21,1,26,28.06570841889117,0,6,0,WC-2026,T-84,URY,9282.411359256475,1890,"Bielsa, Marcelo",Marcelo Bielsa,34,2,26,28.742273469172854,0,13,4
WC2026_1100,South Korea,Uzbekistan,WC-2026,T-71,KOR,10196.189406281635,1784,"Hong, Myung-Bo",Myung-Bo Hong,21,1,26,28.06570841889117,0,6,0,WC-2026,UZB,UZB,10859.4548236802,1735,"Cannavaro, Fabio",Fabio Cannavaro,6,0,26,28.51166219133365,0,0,0
WC2026_1101,Spain,Sweden,WC-2026,T-73,ESP,7746.922852806779,2172,"de La Fuente, Luis",Luis de La Fuente,40,0,26,26.747433264887064,0,6,0,WC-2026,T-74,SWE,7465.038363914989,1660,"Potter, Graham",Graham Potter,4,0,26,27.557099984204708,0,1,0
WC2026_1102,Spain,Switzerland,WC-2026,T-73,ESP,7746.922852806779,2172,"de La Fuente, Luis",Luis de La Fuente,40,0,26,26.747433264887064,0,6,0,WC-2026,T-75,CHE,8079.837758395281,1897,"Yakın, Murat",Murat Yakın,57,1,26,28.3070604959722,0,15,4
WC2026_1103,Spain,Tunisia,WC-2026,T-73,ESP,7746.922852806779,2172,"de La Fuente, Luis",Luis de La Fuente,40,0,26,26.747433264887064,0,6,0,WC-2026,T-79,TUN,9114.63766930202,1615,"Trabelsi, Sami",Sami Trabelsi,19,0,26,26.64465855841626,0,7,2
WC2026_1104,Spain,Turkey,WC-2026,T-73,ESP,7746.922852806779,2172,"de La Fuente, Luis",Luis de La Fuente,40,0,26,26.747433264887064,0,6,0,WC-2026,T-80,TUR,10136.436627879562,1880,"Montella, Vincenzo",Vincenzo Montella,31,0,26,27.672195019217607,0,0,0
WC2026_1105,Spain,United States,WC-2026,T-73,ESP,7746.922852806779,2172,"de La Fuente, Luis",Luis de La Fuente,40,0,26,26.747433264887064,0,6,0,WC-2026,T-83,USA,0,1747,"Pochettino, Mauricio",Mauricio Pochettino,24,0,26,26.90496498710051,0,11,0
WC2026_1106,Spain,Uruguay,WC-2026,T-73,ESP,7746.922852806779,2172,"de La Fuente, Luis",Luis de La Fuente,40,0,26,26.747433264887064,0,6,0,WC-2026,T-84,URY,9282.411359256475,1890,"Bielsa, Marcelo",Marcelo Bielsa,34,2,26,28.742273469172854,0,13,4
WC2026_1107,Spain,Uzbekistan,WC-2026,T-73,ESP,7746.922852806779,2172,"de La Fuente, Luis",Luis de La Fuente,40,0,26,26.747433264887064,0,6,0,WC-2026,UZB,UZB,10859.4548236802,1735,"Cannavaro, Fabio",Fabio Cannavaro,6,0,26,28.51166219133365,0,0,0
WC2026_1108,Sweden,Switzerland,WC-2026,T-74,SWE,7465.038363914989,1660,"Potter, Graham",Graham Potter,4,0,26,27.557099984204708,0,1,0,WC-2026,T-75,CHE,8079.837758395281,1897,"Yakın, Murat",Murat Yakın,57,1,26,28.3070604959722,0,15,4
WC2026_1109,Sweden,Tunisia,WC-2026,T-74,SWE,7465.038363914989,1660,"Potter, Graham",Graham Potter,4,0,26,27.557099984204708,0,1,0,WC-2026,T-79,TUN,9114.63766930202,1615,"Trabelsi, Sami",Sami Trabelsi,19,0,26,26.64465855841626,0,7,2
WC2026_1110,Sweden,Turkey,WC-2026,T-74,SWE,7465.038363914989,1660,"Potter, Graham",Graham Potter,4,0,26,27.557099984204708,0,1,0,WC-2026,T-80,TUR,10136.436627879562,1880,"Montella, Vincenzo",Vincenzo Montella,31,0,26,27.672195019217607,0,0,0
WC2026_1111,Sweden,United States,WC-2026,T-74,SWE,7465.038363914989,1660,"Potter, Graham",Graham Potter,4,0,26,27.557099984204708,0,1,0,WC-2026,T-83,USA,0,1747,"Pochettino, Mauricio",Mauricio Pochettino,24,0,26,26.90496498710051,0,11,0
WC2026_1112,Sweden,Uruguay,WC-2026,T-74,SWE,7465.038363914989,1660,"Potter, Graham",Graham Potter,4,0,26,27.557099984204708,0,1,0,WC-2026,T-84,URY,9282.411359256475,1890,"Bielsa, Marcelo",Marcelo Bielsa,34,2,26,28.742273469172854,0,13,4
WC2026_1113,Sweden,Uzbekistan,WC-2026,T-74,SWE,7465.038363914989,1660,"Potter, Graham",Graham Potter,4,0,26,27.557099984204708,0,1,0,WC-2026,UZB,UZB,10859.4548236802,1735,"Cannavaro, Fabio",Fabio Cannavaro,6,0,26,28.51166219133365,0,0,0
WC2026_1114,Switzerland,Tunisia,WC-2026,T-75,CHE,8079.837758395281,1897,"Yakın, Murat",Murat Yakın,57,1,26,28.3070604959722,0,15,4,WC-2026,T-79,TUN,9114.63766930202,1615,"Trabelsi, Sami",Sami Trabelsi,19,0,26,26.64465855841626,0,7,2
WC2026_1115,Switzerland,Turkey,WC-2026,T-75,CHE,8079.837758395281,1897,"Yakın, Murat",Murat Yakın,57,1,26,28.3070604959722,0,15,4,WC-2026,T-80,TUR,10136.436627879562,1880,"Montella, Vincenzo",Vincenzo Montella,31,0,26,27.672195019217607,0,0,0
WC2026_1116,Switzerland,United States,WC-2026,T-75,CHE,8079.837758395281,1897,"Yakın, Murat",Murat Yakın,57,1,26,28.3070604959722,0,15,4,WC-2026,T-83,USA,0,1747,"Pochettino, Mauricio",Mauricio Pochettino,24,0,26,26.90496498710051,0,11,0
WC2026_1117,Switzerland,Uruguay,WC-2026,T-75,CHE,8079.837758395281,1897,"Yakın, Murat",Murat Yakın,57,1,26,28.3070604959722,0,15,4,WC-2026,T-84,URY,9282.411359256475,1890,"Bielsa, Marcelo",Marcelo Bielsa,34,2,26,28.742273469172854,0,13,4
WC2026_1118,Switzerland,Uzbekistan,WC-2026,T-75,CHE,8079.837758395281,1897,"Yakın, Murat",Murat Yakın,57,1,26,28.3070604959722,0,15,4,WC-2026,UZB,UZB,10859.4548236802,1735,"Cannavaro, Fabio",Fabio Cannavaro,6,0,26,28.51166219133365,0,0,0
WC2026_1119,Tunisia,Turkey,WC-2026,T-79,TUN,9114.63766930202,1615,"Trabelsi, Sami",Sami Trabelsi,19,0,26,26.64465855841626,0,7,2,WC-2026,T-80,TUR,10136.436627879562,1880,"Montella, Vincenzo",Vincenzo Montella,31,0,26,27.672195019217607,0,0,0
WC2026_1120,Tunisia,United States,WC-2026,T-79,TUN,9114.63766930202,1615,"Trabelsi, Sami",Sami Trabelsi,19,0,26,26.64465855841626,0,7,2,WC-2026,T-83,USA,0,1747,"Pochettino, Mauricio",Mauricio Pochettino,24,0,26,26.90496498710051,0,11,0
WC2026_1121,Tunisia,Uruguay,WC-2026,T-79,TUN,9114.63766930202,1615,"Trabelsi, Sami",Sami Trabelsi,19,0,26,26.64465855841626,0,7,2,WC-2026,T-84,URY,9282.411359256475,1890,"Bielsa, Marcelo",Marcelo Bielsa,34,2,26,28.742273469172854,0,13,4
WC2026_1122,Tunisia,Uzbekistan,WC-2026,T-79,TUN,9114.63766930202,1615,"Trabelsi, Sami",Sami Trabelsi,19,0,26,26.64465855841626,0,7,2,WC-2026,UZB,UZB,10859.4548236802,1735,"Cannavaro, Fabio",Fabio Cannavaro,6,0,26,28.51166219133365,0,0,0
WC2026_1123,Turkey,United States,WC-2026,T-80,TUR,10136.436627879562,1880,"Montella, Vincenzo",Vincenzo Montella,31,0,26,27.672195019217607,0,0,0,WC-2026,T-83,USA,0,1747,"Pochettino, Mauricio",Mauricio Pochettino,24,0,26,26.90496498710051,0,11,0
WC2026_1124,Turkey,Uruguay,WC-2026,T-80,TUR,10136.436627879562,1880,"Montella, Vincenzo",Vincenzo Montella,31,0,26,27.672195019217607,0,0,0,WC-2026,T-84,URY,9282.411359256475,1890,"Bielsa, Marcelo",Marcelo Bielsa,34,2,26,28.742273469172854,0,13,4
WC2026_1125,Turkey,Uzbekistan,WC-2026,T-80,TUR,10136.436627879562,1880,"Montella, Vincenzo",Vincenzo Montella,31,0,26,27.672195019217607,0,0,0,WC-2026,UZB,UZB,10859.4548236802,1735,"Cannavaro, Fabio",Fabio Cannavaro,6,0,26,28.51166219133365,0,0,0
WC2026_1126,United States,Uruguay,WC-2026,T-83,USA,0,1747,"Pochettino, Mauricio",Mauricio Pochettino,24,0,26,26.90496498710051,0,11,0,WC-2026,T-84,URY,9282.411359256475,1890,"Bielsa, Marcelo",Marcelo Bielsa,34,2,26,28.742273469172854,0,13,4
WC2026_1127,United States,Uzbekistan,WC-2026,T-83,USA,0,1747,"Pochettino, Mauricio",Mauricio Pochettino,24,0,26,26.90496498710051,0,11,0,WC-2026,UZB,UZB,10859.4548236802,1735,"Cannavaro, Fabio",Fabio Cannavaro,6,0,26,28.51166219133365,0,0,0
WC2026_1128,Uruguay,Uzbekistan,WC-2026,T-84,URY,9282.411359256475,1890,"Bielsa, Marcelo",Marcelo Bielsa,34,2,26,28.742273469172854,0,13,4,WC-2026,UZB,UZB,10859.4548236802,1735,"Cannavaro, Fabio",Fabio Cannavaro,6,0,26,28.51166219133365,0,0,0
